iauname,smooth,featured,artifact,label
J094651.40-010228.5,0.285737051132261,0.6820813723839179,0.0321815764838211,1
J094630.85-004554.5,0.4932120188027519,0.4552163820579079,0.0515715991393402,0
J094631.59-005917.7,0.8998779896137177,0.051690872286149,0.0484311381001333,0
J094744.18-004013.4,0.7729670373095052,0.0995067780405134,0.1275261846499813,0
J094751.74-003242.0,0.5293029388413067,0.4094225557931948,0.0612745053654984,0
J094751.24-004533.5,0.8049485867898122,0.0858246851627094,0.1092267280474786,0
J094726.35-004832.0,0.634819726096908,0.2447283514359762,0.1204519224671157,0
J094622.25-004536.9,0.5340993869820859,0.3577703318314439,0.1081302811864701,0
J094654.77-003324.5,0.330945313405414,0.089956534973508,0.5790981516210778,2
J094625.73-011426.7,0.6384296282184068,0.1711715419004263,0.1903988298811667,0
J094844.82-002937.7,0.1868162794285535,0.761468066203064,0.0517156543683826,1
J094749.45-002032.2,0.6155034131127324,0.2430048887909152,0.1414916980963524,0
J094842.33-002114.5,0.7251633617218767,0.0759615616647798,0.1988750766133435,0
J094859.52-000208.5,0.7494801941174876,0.1699040350330023,0.08061577084951,0
J094740.82-001823.2,0.2069812080977474,0.7312580322768837,0.0617607596253689,1
J094919.08+000144.0,0.0662483174886691,0.8949589552126577,0.038792727298673,1
J094617.11-005725.9,0.4163620435894403,0.542480420973461,0.0411575354370986,1
J094615.73-010505.2,0.8242645298449872,0.1228713847411256,0.0528640854138872,0
J094526.48-004900.0,0.8242426334167964,0.0955577073829337,0.0801996592002697,0
J094543.87-005914.5,0.7899854460680312,0.1162651731274716,0.0937493808044969,0
J094517.64-011051.0,0.7709257559284778,0.120400014140446,0.108674229931076,0
J094603.07-005044.8,0.028505814797581,0.9401584680979688,0.0313357171044503,1
J094547.60-004248.3,0.8372880882456073,0.0796632350216539,0.0830486767327386,0
J094617.45-010339.2,0.4609896889794262,0.498415142843537,0.0405951681770365,1
J094725.81-001307.6,0.6741339165608633,0.2517982226643012,0.0740678607748356,0
J094736.30-002447.3,0.806399748980346,0.1215647143099454,0.0720355367097084,0
J094728.34-002912.2,0.5971201744320236,0.34950559688001,0.0533742286879665,0
J094727.43-002750.6,0.7041226805653694,0.2378783319978195,0.057998987436811,0
J094733.97-003045.5,0.8333274765398313,0.0877894274960364,0.0788830959641322,0
J094731.99-002940.9,0.1032292237557829,0.8560843271217385,0.0406864491224784,1
J094726.32-000556.2,0.5478537662134947,0.379789488407382,0.0723567453791233,0
J094725.62-001626.6,0.4968348261342833,0.3878161319047061,0.1153490419610104,0
J094736.55-001849.2,0.1197250431783093,0.8292686952497982,0.0510062615718923,1
J094706.51-001431.3,0.8205657155500289,0.1153139699365181,0.064120314513453,0
J094714.19+000134.9,0.7781289009165127,0.1314519216404936,0.0904191774429937,0
J094701.43-001005.5,0.2588452039319081,0.6575560234125157,0.083598772655576,1
J094714.87-001124.1,0.7667947011817935,0.130707006916288,0.1024982919019185,0
J094428.40-005205.4,0.8518909210835457,0.066315802327104,0.0817932765893501,0
J094422.48-004735.1,0.4142093508649027,0.5472030421743965,0.0385876069607007,1
J094422.42-010029.4,0.778685037234907,0.0847405355608081,0.136574427204285,0
J094456.92-010709.4,0.7391851729071719,0.2041027034477071,0.0567121236451209,0
J094430.71-011123.2,0.5486343646046608,0.3951128877691106,0.0562527476262286,0
J094419.05-004051.4,0.6752927903467488,0.2581022807104401,0.0666049289428109,0
J094446.23-004118.2,0.3210966862428565,0.4422835833306543,0.2366197304264893,1
J094401.87-003832.1,0.1732675198072264,0.4758327737194981,0.3508997064732753,1
J094618.15-001728.5,0.0576404486696719,0.8973757776694762,0.0449837736608517,1
J094622.67-000759.3,0.3269532663648343,0.6287240120740756,0.04432272156109,1
J094658.01-003128.7,0.396184769449133,0.5279608818764805,0.0758543486743864,1
J094628.56-002603.4,0.6207476770921841,0.30804870409329,0.0712036188145257,0
J094631.11-002756.3,0.6643619203691977,0.2851801737426695,0.0504579058881325,0
J094557.73-002209.5,0.5363533720749017,0.4007085994991176,0.0629380284259805,0
J094700.41-002430.2,0.2057844613702772,0.7430216514786028,0.0511938871511198,1
J094646.97-001713.0,0.7515904398846456,0.1402267484755501,0.1081828116398042,0
J094634.46-001952.8,0.7435489118263351,0.1382637866022842,0.1181873015713806,0
J094624.86-001129.2,0.1114373858712885,0.846382158882578,0.0421804552461336,1
J094631.36+000415.5,0.8013313740423943,0.0851735851836735,0.1134950407739321,0
J094625.93+000251.6,0.8722717420482737,0.0614689656861542,0.0662592922655721,0
J094625.52-001247.5,0.5836422608919346,0.3540879160548806,0.0622698230531847,0
J094654.96+000137.0,0.8361010098301069,0.1044501591334437,0.0594488310364493,0
J094659.50-001605.8,0.736721256068694,0.2142427137811579,0.0490360301501478,0
J094632.36-001132.1,0.8082226470022011,0.1006982974056869,0.0910790555921117,0
J094656.91-001507.9,0.7704312130391352,0.1063089160051026,0.123259870955762,0
J094638.72-000612.0,0.5868748506709605,0.3734710777219107,0.0396540716071289,0
J094323.19-011112.4,0.790109315188797,0.1346378482269511,0.0752528365842518,0
J094313.13-011102.5,0.7645401328791153,0.1037210308555279,0.1317388362653568,0
J094333.74-010551.3,0.3106302257864046,0.6384981756810952,0.0508715985325001,1
J094345.09-004402.2,0.1718470337381152,0.7683391530120683,0.0598138132498164,1
J094324.75-005949.4,0.5655165473832391,0.3774780749256478,0.0570053776911132,0
J094317.19-005047.7,0.6108616979657959,0.3264913292615724,0.0626469727726315,0
J094329.86-003631.5,0.0234830491549945,0.9458593552004086,0.0306575956445968,1
J094529.71-002206.3,0.0970810706503193,0.8241355276437261,0.0787834017059545,1
J094531.53-002311.4,0.6729458931996853,0.2848899203564439,0.0421641864438707,0
J094552.53-000534.1,0.6774318934175055,0.1626678929219357,0.1599002136605586,0
J094525.38-000836.1,0.4000415361220253,0.555145362238583,0.0448131016393915,1
J094524.49-001957.7,0.7932218784788148,0.1535970580886055,0.0531810634325795,0
J094511.96-000711.9,0.0649517556940245,0.8991459015945719,0.0359023427114034,1
J094527.69-002036.7,0.7349615105914385,0.2179743105799517,0.0470641788286096,0
J094535.76-002101.4,0.5225929603321853,0.4306915585402819,0.0467154811275328,0
J094517.55-000147.9,0.4483830667636537,0.3499581539015045,0.2016587793348416,0
J094512.20+000207.7,0.5211411388382808,0.4267406708253519,0.0521181903363671,0
J094519.11-001822.4,0.2744153276049338,0.6742722766353871,0.051312395759679,1
J094523.29+000431.4,0.7065011519217748,0.2368133852039816,0.0566854628742432,0
J094413.75-000549.3,0.7239746608040935,0.1581018130296635,0.1179235261662429,0
J094446.39-000219.8,0.2217852568419203,0.7298013165000744,0.0484134266580052,1
J094453.34-002233.2,0.8186312144399899,0.105338615937104,0.0760301696229058,0
J094507.24-002425.0,0.5582572419195891,0.3572939575906321,0.0844488004897786,0
J094507.92+000350.5,0.7456038986174507,0.2117546283412533,0.0426414730412959,0
J094455.64+000405.6,0.4170538129717574,0.5332845761660003,0.0496616108622423,1
J094405.60+000119.2,0.3496384426410329,0.5522934017677094,0.0980681555912578,1
J094354.05+000624.0,0.4680727098190123,0.4459010790065166,0.086026211174471,0
J094415.95-000003.2,0.7654142077154124,0.1715393768567201,0.0630464154278673,0
J094357.02-002033.0,0.7611334590103097,0.1929560193404887,0.0459105216492015,0
J094358.54-000809.0,0.5840597866901265,0.3740967212934519,0.0418434920164214,0
J094337.42-002206.0,0.6485370221464829,0.2972903101206214,0.0541726677328956,0
J094318.03+000235.4,0.6984703634824859,0.1549114596467625,0.1466181768707516,0
J094334.18-002010.6,0.6706777239494643,0.2165863188078824,0.1127359572426533,0
J094330.57-000300.6,0.3930750334652361,0.5439666444340276,0.0629583221007361,1
J094348.04+000419.3,0.7986593009818543,0.0814602680934852,0.1198804309246604,0
J094327.67+000522.7,0.6916934826877252,0.2589499961812585,0.0493565211310164,0
J094320.85+000010.4,0.7261920818324091,0.2085197461233062,0.0652881720442846,0
J094327.74+000322.3,0.7346059709050538,0.0949814161807413,0.1704126129142049,0
J094323.63+000304.7,0.7658629293383528,0.1558719103430405,0.0782651603186067,0
J094317.44-000936.9,0.828906231794781,0.0957642499510344,0.0753295182541844,0
J094244.67-011438.5,0.7452898970661426,0.1210075573140621,0.1337025456197952,0
J094232.14-010302.1,0.5996865972938903,0.332959261755841,0.0673541409502685,0
J094304.30-010428.9,0.0347892971141376,0.9311348505160794,0.0340758523697829,1
J094243.46-005202.0,0.2625066861408009,0.6997366045176954,0.0377567093415037,1
J094300.98-004512.1,0.1527744410528198,0.8084740642279121,0.038751494719268,1
J094219.71-005333.8,0.6992055791823699,0.2442517400570604,0.0565426807605697,0
J094234.86-004855.7,0.7727446543397808,0.0872569924159544,0.1399983532442648,0
J094235.49-004618.2,0.2139317531895432,0.7214787843819286,0.0645894624285281,1
J094302.33-004849.9,0.4972149943616083,0.4464625882880644,0.0563224173503272,0
J094250.14-004451.6,0.284119056855974,0.669970398257232,0.0459105448867938,1
J094307.45-003619.2,0.4744141338003851,0.4674728659947204,0.0581130002048943,0
J094258.73-000434.8,0.0505348342706814,0.882950054549881,0.0665151111794374,1
J094224.27-000004.9,0.3678363637831484,0.5609664779481298,0.0711971582687215,1
J094256.92-000339.6,0.6931482899814582,0.1621388554137174,0.1447128546048244,0
J094240.67+000642.1,0.7842588607432286,0.0852265428086899,0.1305145964480814,0
J094229.34+000204.6,0.6042585912091817,0.3353827003283971,0.0603587084624212,0
J094245.44-000040.8,0.8610636212272236,0.0897619601639186,0.0491744186088578,0
J094248.63-000254.7,0.2572721993054886,0.6717369272116894,0.0709908734828219,1
J094223.57-001207.8,0.1465963993695507,0.807191419674905,0.0462121809555444,1
J094229.68-001723.7,0.8493413906281835,0.06162210469848,0.0890365046733367,0
J094306.81-000804.3,0.7836297352180539,0.0916177431380404,0.1247525216439054,0
J094312.29-001239.9,0.4943390488064307,0.4623513061241832,0.043309645069386,0
J094240.59-002515.6,0.5090119248242142,0.4181042939064704,0.0728837812693153,0
J094135.60-004015.1,0.7817927401318238,0.154811847680913,0.0633954121872633,0
J094156.94-004824.8,0.1005314147876995,0.8475960377643945,0.0518725474479058,1
J094200.58-005759.7,0.7934780175358608,0.0923558113576368,0.1141661711065025,0
J094133.16-004132.0,0.5685684558242082,0.3667638732844056,0.0646676708913861,0
J094151.17-005039.2,0.8436810581078669,0.0761908947833401,0.0801280471087929,0
J094129.08-010451.6,0.602171406925452,0.3063511140627735,0.0914774790117745,0
J094146.58-011143.5,0.8173142041284943,0.0976442529590029,0.0850415429125027,0
J094129.78-011457.4,0.7465299583068744,0.1055891466619281,0.1478808950311972,0
J094155.03-010312.2,0.7207648471319671,0.222939052957591,0.0562960999104418,0
J094159.11-004412.3,0.6433486548998896,0.304356721913903,0.0522946231862074,0
J094139.14+000623.3,0.3757140045772023,0.5854296523450809,0.0388563430777167,1
J094147.21+000438.6,0.242023018394476,0.7025164989423573,0.0554604826631664,1
J094127.54-002033.9,0.4688906720008166,0.3618256645907424,0.1692836634084411,0
J094133.85-002456.0,0.5686819002597315,0.3803148146763403,0.0510032850639281,0
J094142.47+000258.4,0.7985583002924993,0.1234203730178216,0.0780213266896791,0
J094137.63-001851.7,0.7729810414053334,0.0907514721224662,0.1362674864722004,0
J094146.91-000721.5,0.8077979201343014,0.0909232734646871,0.1012788064010114,0
J094135.06-000528.3,0.3030780498018718,0.6559762805902284,0.0409456696078997,1
J094203.90-003109.0,0.7860473789483866,0.0961398443855008,0.1178127766661124,0
J094151.49+000625.3,0.7508573219037932,0.0951060676428076,0.154036610453399,0
J094123.99-011513.8,0.8255382202279486,0.107462863087574,0.0669989166844772,0
J094049.77-005147.0,0.7658084019405338,0.1046724196294281,0.1295191784300381,0
J094106.70-004359.2,0.7805154928786874,0.1078977156001981,0.1115867915211143,0
J094101.66-010606.7,0.7587228993733203,0.1726758806202292,0.0686012200064505,0
J094124.34-011418.7,0.7745182448187665,0.1786624289673857,0.0468193262138474,0
J094047.11-005247.9,0.8317444138528224,0.0748995819469722,0.0933560042002053,0
J094126.92-004250.4,0.4439010962573588,0.4724145173350362,0.0836843864076048,1
J094053.96-003252.8,0.8548922268930171,0.0984584877632009,0.046649285343782,0
J094116.94-001510.3,0.5375070114970822,0.4056056547510105,0.0568873337519073,0
J094122.63-000100.9,0.786194574595697,0.110993490610058,0.1028119347942451,0
J094119.21+000235.2,0.6375525868323083,0.2984717372315503,0.0639756759361413,0
J094049.86-001919.6,0.6264412820122651,0.2294416702727955,0.1441170477149394,0
J094121.74+000109.0,0.3411734744632212,0.5870278768754177,0.0717986486613611,1
J094052.56-001110.2,0.7949430656631883,0.1310610202680386,0.0739959140687732,0
J094106.09-002824.5,0.1800442404361391,0.6857521714161017,0.1342035881477592,1
J094040.16-002856.4,0.3562748702319815,0.537463225934172,0.1062619038338465,1
J094209.88+004743.6,0.6246962790150339,0.3174134917949514,0.0578902291900145,0
J094047.68+005557.6,0.7494594196862245,0.1788408774618766,0.0716997028518988,0
J094133.71+005728.1,0.7164556681823568,0.2095017592684636,0.0740425725491796,0
J094203.94+010239.7,0.7917622057395909,0.1031028550544394,0.1051349392059695,0
J094138.36+010135.6,0.7801880249587164,0.137230107170076,0.0825818678712075,0
J094055.18+004545.1,0.8281781473239712,0.096425428064456,0.0753964246115727,0
J094146.34+004935.8,0.474616651900146,0.4832937410623344,0.0420896070375194,1
J094123.44+010438.8,0.6614921782877804,0.2592777053116442,0.0792301164005754,0
J094103.17+005930.9,0.1843717325303836,0.6521447669352246,0.1634835005343917,1
J094117.02+004615.9,0.8210432109255676,0.1141224288311939,0.0648343602432382,0
J094111.05+004805.8,0.7986983998812208,0.1453262495617106,0.0559753505570684,0
J094121.89+003250.3,0.0756178600004121,0.8867830195958909,0.0375991204036968,1
J094134.58+002120.5,0.70909843482396,0.2315557984901427,0.0593457666858971,0
J094113.12+003344.6,0.3771535210947035,0.5634485852870788,0.0593978936182177,1
J094119.21+001031.8,0.783263475981383,0.1120425455441996,0.1046939784744173,0
J094052.89+002438.9,0.2312572004293366,0.7242861573370792,0.044456642233584,1
J094046.53+001008.0,0.8294877058513201,0.1130199814646679,0.0574923126840121,0
J094100.47+000735.3,0.5948008267687357,0.3035901898289623,0.1016089834023021,0
J094059.97+001542.5,0.6417466512215985,0.2571542272331174,0.1010991215452841,0
J094109.25+002047.4,0.6730091994477388,0.2503098956970976,0.0766809048551636,0
J094052.50+000849.3,0.0168353953416405,0.952285812804476,0.0308787918538836,1
J094328.34+004945.8,0.6611526100221886,0.2931020207092828,0.0457453692685285,0
J094324.11+011212.7,0.3871111711938223,0.543233009579135,0.0696558192270428,1
J094210.70+005621.7,0.6253583933185516,0.3295893612033287,0.0450522454781196,0
J094227.08+005820.6,0.8100033705724643,0.1253237801088907,0.0646728493186449,0
J094310.40+011108.4,0.7884319915255036,0.1118507763920078,0.0997172320824884,0
J094251.20+011002.4,0.5790075812103251,0.3708672059187393,0.0501252128709355,0
J094239.26+005825.2,0.0762869102959376,0.8879326039310449,0.0357804857730175,1
J094144.13+003351.0,0.144391724903175,0.8065111039538428,0.0490971711429823,1
J094222.56+001833.9,0.5789421240714345,0.3401524053438012,0.0809054705847642,0
J094203.29+002011.1,0.0289998685142457,0.9381246559412628,0.0328754755444915,1
J094159.83+000717.4,0.3747188695650532,0.5711473349437252,0.0541337954912217,1
J094153.12+000918.7,0.046032677823886,0.9210106072003325,0.0329567149757815,1
J094218.44+001401.1,0.8321767335263618,0.1094498342239523,0.0583734322496858,0
J094213.35+001100.5,0.8335739686509714,0.0907358468189962,0.0756901845300324,0
J094358.23+004717.0,0.830343990246308,0.1089286235482363,0.0607273862054557,0
J094333.90+010659.3,0.2904267784027518,0.5871104552435211,0.122462766353727,1
J094344.94+010830.5,0.6459676623131236,0.28954681826508,0.0644855194217965,0
J094403.63+004924.6,0.4983754996262023,0.4588655626341429,0.0427589377396547,0
J094352.71+004951.3,0.7474603378345063,0.1622759199305311,0.0902637422349624,0
J094402.93+004556.2,0.0591310735566239,0.900700678916024,0.0401682475273519,1
J094330.05+005444.9,0.7407142313789592,0.1988088288779298,0.060476939743111,0
J094419.73+010205.3,0.3229018824312006,0.5928639337614326,0.0842341838073667,1
J094334.45+010142.4,0.4506102171285675,0.5030545200526232,0.0463352628188094,1
J094323.39+004032.6,0.4242568483265007,0.5359710078656272,0.039772143807872,1
J094315.34+002918.6,0.0577995310795433,0.9005990873424027,0.0416013815780539,1
J094236.45+002808.9,0.6273315467123912,0.3167767242878722,0.0558917289997365,0
J094318.37+002223.1,0.1877038071023812,0.6005191713272922,0.2117770215703265,1
J094255.06+000736.8,0.3623716460439133,0.601505614685689,0.0361227392703978,1
J094258.37+002748.5,0.7663762758093514,0.0844724066942953,0.1491513174963532,0
J094306.02+001912.8,0.3779175796948035,0.4726828635312181,0.1493995567739783,1
J094303.79+000807.2,0.7347163411419823,0.1570203398994239,0.1082633189585937,0
J094318.71+001135.6,0.7487539575627785,0.1453157025828483,0.1059303398543731,0
J094456.22+010732.0,0.6134140564397268,0.213574192562871,0.173011750997402,0
J094459.28+005529.7,0.5668976009106531,0.3865787989251444,0.0465236001642024,0
J094500.58+010710.4,0.7829032394273753,0.0894659679458542,0.1276307926267704,0
J094503.79+011349.5,0.7314570390230416,0.0793158098888903,0.189227151088068,0
J094436.78+005207.3,0.2519183886650853,0.6935324811962792,0.0545491301386353,1
J094435.37+004902.4,0.5686499939169465,0.3573280305137112,0.0740219755693422,0
J094438.34+005026.4,0.6715763691434634,0.1694817628049616,0.1589418680515749,0
J094430.32+004528.3,0.6815303173156579,0.2721386242848739,0.0463310583994681,0
J094449.51+010853.8,0.7780796076229817,0.1094773180230577,0.1124430743539606,0
J094405.01+004400.7,0.6245345506737034,0.0936931289072471,0.2817723204190494,0
J094359.80+002108.7,0.2207468967275974,0.7374324559758635,0.0418206472965388,1
J094342.78+003152.1,0.1912812513473585,0.7434725272088231,0.0652462214438183,1
J094412.23+002624.4,0.5776348946189221,0.3678110257030629,0.0545540796780149,0
J094404.04+004300.4,0.6011301609832685,0.3560739796945792,0.0427958593221522,0
J094347.47+002755.0,0.6275469144919624,0.2808747101557136,0.091578375352324,0
J094414.88+001808.3,0.7924653883441234,0.1040254500665311,0.1035091615893453,0
J094345.05+004019.4,0.7515971877050971,0.0935530489810396,0.1548497633138632,0
J094401.44+000843.6,0.7017756743386933,0.1655591021993468,0.1326652234619598,0
J094410.89+001047.1,0.5065665433875988,0.408511969388893,0.0849214872235081,0
J094345.52+000700.8,0.1272821854323422,0.8326088132675128,0.0401090013001452,1
J094349.50+001157.8,0.4209261686018126,0.5227190687713142,0.0563547626268733,1
J094345.25+000903.7,0.5464028618105601,0.3670303560163355,0.0865667821731046,0
J094354.83+001741.8,0.7543521291261278,0.2005123373178583,0.0451355335560137,0
J094506.00+003451.5,0.4747094351001359,0.274348750530771,0.250941814369093,0
J094500.41+003022.0,0.8182224578339933,0.0922093616857623,0.0895681804802445,0
J094436.44+003648.4,0.689394534738994,0.1107499044719546,0.1998555607890514,0
J094421.55+003935.3,0.1449860383749583,0.7908954051308205,0.064118556494221,1
J094416.66+004153.5,0.7798736302039516,0.1458618643702565,0.0742645054257916,0
J094444.47+000709.4,0.7801561871490058,0.0812659042930186,0.1385779085579757,0
J094434.17+001832.5,0.7335549841021755,0.1516053759080303,0.1148396399897943,0
J094441.33+003414.2,0.6884782995659209,0.2212733763080759,0.090248324126003,0
J094434.67+000737.1,0.5387303780063317,0.3945580651768272,0.0667115568168411,0
J094516.02+003520.9,0.4506035529597803,0.1248966961419856,0.4244997508982341,0
J094516.88+003424.1,0.8347094409441186,0.08157973490203,0.0837108241538513,0
J094537.50+003614.7,0.5127762780208488,0.4196366080664511,0.0675871139126999,0
J094551.11+003819.3,0.1914666775484539,0.7392921807943621,0.0692411416571839,1
J094521.13+004319.8,0.5396016947904883,0.3508582694897842,0.1095400357197275,0
J094511.69+003922.0,0.6903571491025379,0.2402977742916503,0.0693450766058118,0
J094540.49+002355.8,0.7427275864307618,0.0891633149737793,0.1681090985954587,0
J094603.68+001000.4,0.2868132560532132,0.6560604856349049,0.0571262583118819,1
J094534.98+001424.4,0.3942321367024542,0.5526714012661119,0.0530964620314337,1
J094616.53+001558.0,0.8222280464280968,0.0701558387917639,0.1076161147801392,0
J094538.84+001255.2,0.0459376895684788,0.913775622586352,0.0402866878451692,1
J094621.31+001021.3,0.696180659524656,0.2614099013968534,0.0424094390784904,0
J094626.10+004816.9,0.0290935270091909,0.9339645383709532,0.0369419346198558,1
J094524.78+010337.2,0.7333923799665658,0.2274564406840133,0.0391511793494207,0
J094620.03+011338.1,0.6924998882591114,0.2254168753504406,0.082083236390448,0
J094604.87+005218.6,0.5053579334591689,0.4295632771658939,0.0650787893749372,0
J094534.05+005841.4,0.2625046725299733,0.6735479450094668,0.0639473824605599,1
J094529.49+010412.4,0.7579174281818166,0.1758964500459032,0.0661861217722804,0
J094607.41+004654.9,0.6203829136907449,0.3145444817304055,0.0650726045788494,0
J094527.97+005104.0,0.7720046814615827,0.1784038770878152,0.049591441450602,0
J094544.72+010333.0,0.553078360852898,0.4045163541313738,0.0424052850157282,0
J094621.89+005348.0,0.8917950087850166,0.0592292202829201,0.0489757709320635,0
J094720.72+003042.5,0.6079444314672842,0.3198149119190985,0.0722406566136172,0
J094707.65+004215.8,0.7433824160888374,0.1939634272285766,0.0626541566825858,0
J094713.63+003956.2,0.207465189776364,0.7340072304172678,0.0585275798063681,1
J094724.59+004113.2,0.7252394185714617,0.2268312968826615,0.0479292845458767,0
J094626.70+004134.9,0.4010385955762297,0.5399985461641588,0.0589628582596114,1
J094653.63+003026.5,0.1214763845147161,0.8097711518031846,0.0687524636820992,1
J094633.27+001146.3,0.7708254219036195,0.0743220360639193,0.154852542032461,0
J094628.01+000816.3,0.7616344623906212,0.0976437262218705,0.1407218113875084,0
J094715.89+005638.7,0.4337050266757918,0.1577986009772221,0.4084963723469861,0
J094704.22+010428.8,0.7950049772589546,0.1125263150230825,0.0924687077179628,0
J094653.94+010151.9,0.5676218536852091,0.3400479486501904,0.0923301976646003,0
J094706.70+010222.5,0.76601025637258,0.163422492324862,0.0705672513025579,0
J094642.52+010746.4,0.7568454472851016,0.1995894372199765,0.0435651154949219,0
J094711.73+005101.9,0.1186904858115815,0.8412619326709694,0.040047581517449,1
J094707.75+004739.8,0.738276128295577,0.2021386067742738,0.0595852649301494,0
J094736.91+003755.8,0.3698278490607418,0.5800732466902868,0.0500989042489713,1
J094730.46+002141.6,0.258618299859071,0.6758254102087514,0.0655562899321773,1
J094740.15+004141.4,0.362894116524605,0.5923415588025035,0.0447643246728914,1
J094733.05+001302.8,0.0414135259183279,0.9174411013828476,0.0411453726988243,1
J094736.69+001232.0,0.1387890032391363,0.81191751055604,0.0492934862048238,1
J094749.83+002336.0,0.2923794381496464,0.6547656520369525,0.0528549098134011,1
J094736.88+010207.3,0.524502129032222,0.4252824495945288,0.050215421373249,0
J094743.61+010206.7,0.6136933787289722,0.3218198574895381,0.0644867637814895,0
J094807.67+004631.2,0.7028201328175402,0.1253805570871812,0.1717993100952786,0
J094721.78+005310.4,0.0232384877936421,0.9416087321034244,0.0351527801029336,1
J094722.13+004426.9,0.7974625124569004,0.1348237005338146,0.0677137870092849,0
J094817.86+005306.7,0.3780078332508434,0.5751604971411552,0.0468316696080014,1
J094805.19+004516.0,0.7427746306372097,0.1209922198764665,0.1362331494863237,0
J094840.89+003152.2,0.7692861224295787,0.0853783541666363,0.1453355234037851,0
J094836.13+002459.6,0.280476588038988,0.678442126219755,0.0410812857412572,1
J094910.54+002252.8,0.5990999186629229,0.3138978766847858,0.0870022046522912,0
J094843.18+002934.8,0.384746689100505,0.5528577065122265,0.0623956043872684,1
J094830.56+003016.1,0.5445494167145637,0.3907828187105194,0.0646677645749167,0
J094918.42+001443.9,0.5198614017515125,0.4124028729672306,0.067735725281257,0
J094913.98+000904.2,0.6471164412577991,0.2732219646985849,0.0796615940436158,0
J094830.79+002209.1,0.1966979679295169,0.7624476075441767,0.0408544245263063,1
J094915.47+001029.4,0.607155505854859,0.3366497411058921,0.0561947530392489,0
J094846.29+001618.9,0.4691556814588633,0.46985040509722,0.0609939134439167,1
J094913.33+001303.5,0.7604231595361753,0.1900559383824289,0.0495209020813957,0
J095423.67-004356.2,0.5606367224309003,0.3929369632245357,0.0464263143445637,0
J095440.05-005356.7,0.3365172890514738,0.6179417383977395,0.0455409725507868,1
J095417.66-005356.4,0.6456808087495586,0.3047142838655792,0.0496049073848622,0
J095455.90-004540.1,0.54312296509423,0.383799981135032,0.0730770537707379,0
J095419.98-010848.4,0.6633680797938242,0.1225789278498536,0.2140529923563221,0
J095417.40-011020.8,0.7715781313182966,0.1691945936190762,0.0592272750626271,0
J095415.59-005716.6,0.8137429235689381,0.1137241174638511,0.0725329589672107,0
J095415.74-005609.9,0.7124064261379409,0.2368825159786826,0.0507110578833766,0
J095422.65-011024.5,0.7910067594899292,0.1057982476320022,0.1031949928780688,0
J095454.49-010715.5,0.8698579416763996,0.0576315927084414,0.0725104656151591,0
J095640.46-002249.8,0.156567353637145,0.7925152717790631,0.0509173745837917,1
J095638.61-002128.8,0.5591332182191233,0.1320716457540199,0.3087951360268568,0
J095627.11-002055.8,0.466772348030074,0.3642661500924246,0.1689615018775012,0
J095644.71-001842.5,0.7711350647936025,0.1246579152497018,0.1042070199566955,0
J095627.03-002832.2,0.7339400398997349,0.2093711824372434,0.0566887776630215,0
J095635.98-002924.0,0.5974007917949228,0.3483126327524728,0.0542865754526045,0
J095641.16-002446.7,0.7550076916916869,0.1742791853388627,0.0707131229694502,0
J095632.51-002046.6,0.6924381959223652,0.2395798114502241,0.0679819926274108,0
J095642.08+001131.6,0.6463129697502871,0.2906876006237728,0.06299942962594,0
J095640.77-000123.9,0.644519443956385,0.1224281568691628,0.233052399174452,0
J095634.18-002220.7,0.720366705231275,0.2160448180609166,0.0635884767078086,0
J095628.30+001102.3,0.2589507710684131,0.7041155895365185,0.0369336393950686,1
J095637.48-001854.8,0.72497951939578,0.2032581167847716,0.0717623638194481,0
J095630.74+000501.0,0.7354030005443846,0.1201413302975957,0.1444556691580196,0
J095636.95+001020.9,0.6424155585047407,0.3084738265254474,0.0491106149698115,0
J095348.80-010759.7,0.7821811785056427,0.1270818627152116,0.0907369587791455,0
J095407.38-011219.4,0.785047111811394,0.1520956912491297,0.0628571969394762,0
J095410.18-011140.4,0.621393963164692,0.1108091587315079,0.2677968781038,0
J095343.80-010135.1,0.3599402274772723,0.5668805140295979,0.0731792584931298,1
J095408.54-011043.1,0.7546984936904729,0.1622492805721657,0.0830522257373613,0
J095402.17-010012.6,0.7367841086072379,0.2277300020053792,0.0354858893873828,0
J095345.57-010412.8,0.7650887846896792,0.1269020129366354,0.1080092023736855,0
J095345.73-004812.6,0.7693607160596757,0.1354941387619016,0.0951451451784224,0
J095402.07-005332.0,0.6733977126759504,0.267916509590582,0.0586857777334676,0
J095358.78-010451.2,0.5284310088074646,0.4091527112542449,0.0624162799382904,0
J095401.06-004729.9,0.5071352396137127,0.4461665465683447,0.0466982138179425,0
J095400.01-004443.5,0.4357211549645619,0.5049440521278826,0.0593347929075554,1
J095616.64-001402.4,0.1509980391141239,0.8009068366223765,0.0480951242634996,1
J095621.64-001505.1,0.4130498313449203,0.5263598946246586,0.0605902740304212,1
J095625.27-002202.7,0.7608808148642865,0.1833054080927153,0.055813777042998,0
J095615.04-000145.0,0.6914385185096448,0.2538825602757803,0.0546789212145749,0
J095627.00+000746.9,0.3765340132493379,0.5825936286083775,0.0408723581422843,1
J095604.74-003547.1,0.7619977651018887,0.0990147015351642,0.1389875333629469,0
J095610.52-003722.1,0.4746353029686138,0.4168769016088468,0.1084877954225393,0
J095617.08-000611.1,0.7270990135525065,0.1538192287247727,0.1190817577227207,0
J095559.28-001440.7,0.6850823248694524,0.2600010294744754,0.0549166456560718,0
J095620.37-001800.5,0.7523221980997533,0.1846349906949917,0.0630428112052549,0
J095602.55+000823.0,0.4159841186085736,0.5264505854126985,0.0575652959787278,1
J095331.63-011223.9,0.593917801940312,0.3588950952638339,0.0471871027958542,0
J095251.74-005229.2,0.7824267339126031,0.1691085700557527,0.0484646960316439,0
J095316.21-010301.9,0.7934724965905899,0.0881884453756887,0.1183390580337212,0
J095325.70-010341.4,0.1611151706431123,0.7941083644676425,0.0447764648892452,1
J095334.68-005315.8,0.4353712111897748,0.5248419444118886,0.0397868443983366,1
J095304.67-005124.0,0.4212233503444023,0.5385637050516536,0.0402129446039442,1
J095258.91-005823.4,0.7021436046654889,0.2519952962306443,0.0458610991038669,0
J095324.84-005418.1,0.8133840368884049,0.1409787426762112,0.045637220435384,0
J095332.39-005629.2,0.8015707667773446,0.1143719133441157,0.0840573198785397,0
J095253.50-004418.8,0.7574294605186158,0.0983878363016208,0.1441827031797636,0
J095259.71-004827.9,0.0642182887265583,0.8816022780113901,0.0541794332620515,1
J095304.04-004659.9,0.7928117318922757,0.1576585522974178,0.0495297158103063,0
J095307.15-010339.2,0.4132465601614667,0.5345860442541579,0.0521673955843755,1
J095255.70-005149.0,0.7519532703190347,0.1724103417707893,0.0756363879101759,0
J095538.02+000031.3,0.7577893822425527,0.1789979686309024,0.0632126491265448,0
J095525.59-000332.9,0.6521902037427677,0.3002687160278616,0.0475410802293707,0
J095529.65-001726.0,0.4570502455261309,0.4947707408977808,0.0481790135760882,1
J095555.07-001125.0,0.2993936219057473,0.6522958705901423,0.0483105075041103,1
J095522.20-000238.7,0.6896750695366634,0.261153721975714,0.0491712084876226,0
J095531.19-002802.0,0.790144736560268,0.1333990144363945,0.0764562490033376,0
J095509.99-000115.6,0.6622668649200222,0.2979026355090495,0.0398304995709283,0
J095548.87-000549.6,0.7305987305516218,0.1398199138815368,0.1295813555668411,0
J095553.37+000541.3,0.2534257139466238,0.6939612045214565,0.0526130815319195,1
J095523.57-003514.2,0.5262791798318012,0.404304908572984,0.0694159115952147,0
J095522.23-000443.3,0.4542752126462694,0.4820542091072209,0.0636705782465096,1
J095506.14-000828.2,0.8439911528174389,0.1048478481862503,0.0511609989963108,0
J095549.16-000007.5,0.6435362805872039,0.2954483479077519,0.0610153715050442,0
J095251.42-010006.1,0.7969052229278342,0.0932892912914355,0.1098054857807304,0
J095146.69-011324.0,0.5154008870550921,0.4406236864129041,0.0439754265320036,0
J095222.87-010835.3,0.5819012854450969,0.3427678045647437,0.0753309099901595,0
J095202.94-011239.4,0.3295377499243848,0.6308502912385402,0.0396119588370747,1
J095250.95-011024.3,0.3834677302164877,0.5515524598319865,0.0649798099515257,1
J095214.92-003938.9,0.7745945108658919,0.0753671436648335,0.1500383454692743,0
J095201.52-010103.8,0.7820949503175855,0.1544442417068576,0.0634608079755567,0
J095216.36-004217.1,0.2617106084553646,0.6899610565338183,0.0483283350108169,1
J095200.52-004702.6,0.7906482476863427,0.1424766070825248,0.0668751452311326,0
J095151.65-005657.7,0.1081257876604142,0.8514504937827938,0.0404237185567918,1
J095201.32-004604.9,0.339654043336404,0.5971071890431262,0.0632387676204697,1
J095211.75-005107.6,0.6423266549510623,0.2934026386115026,0.0642707064374349,0
J095207.91-010834.0,0.6313208938629109,0.3066921724492813,0.0619869336878077,0
J095411.87-000358.1,0.3735903633566428,0.5649636611607856,0.0614459754825717,1
J095354.77-003239.2,0.7945731319655235,0.1065331423103631,0.0988937257241133,0
J095340.89-001355.1,0.7770968487741979,0.1254655669926763,0.0974375842331257,0
J095420.37-001841.4,0.4361771577984259,0.4592197650605669,0.1046030771410072,1
J095401.38-000649.9,0.8226896019243831,0.1063880714544569,0.0709223266211601,0
J095454.93+001119.8,0.6304010612264951,0.2608407583003191,0.1087581804731857,0
J095443.12-000130.3,0.5403037088858467,0.3944666759153022,0.0652296151988511,0
J095224.84-002744.1,0.7876581015126607,0.143779421727112,0.0685624767602274,0
J095252.39-001635.9,0.7755623605946919,0.1624884539649285,0.0619491854403795,0
J095231.96-003128.5,0.7024716994686325,0.1100269271240567,0.1875013734073107,0
J095232.55-002032.4,0.591126365370662,0.3654473835415677,0.0434262510877703,0
J095227.40-002934.7,0.4611688686863247,0.4326590513494742,0.1061720799642011,0
J095337.36-000227.8,0.4115180706236185,0.5192052997610817,0.0692766296152997,1
J095257.73+000704.4,0.1155502000845525,0.8481275619622544,0.0363222379531932,1
J095323.03-000957.5,0.8024366246985489,0.109836736485163,0.087726638816288,0
J095230.04-002504.2,0.7399243794338507,0.2165979661364125,0.0434776544297368,0
J095256.67-001028.0,0.7818768159504927,0.1329715249233664,0.0851516591261408,0
J095119.41-001033.3,0.245216463893775,0.5907641219053698,0.1640194142008552,1
J095127.13-001006.2,0.3828146680299908,0.5582041045242945,0.0589812274457148,1
J095109.08+000035.5,0.7209627458445479,0.2341502524267993,0.0448870017286527,0
J095136.83-001903.9,0.8141269731409099,0.116706657454259,0.069166369404831,0
J095046.37+000749.8,0.7576618734177443,0.2011807181802474,0.0411574084020084,0
J095125.85-000238.0,0.8469122703194514,0.0877988221047805,0.0652889075757681,0
J095135.91-001254.8,0.1487472039014286,0.8137725414222381,0.0374802546763334,1
J095110.43+000723.7,0.7861226370642171,0.0911547892418859,0.1227225736938969,0
J095057.57+000934.9,0.8035008010771989,0.114600990887281,0.0818982080355203,0
J095218.62-000738.7,0.6997429465212793,0.2413206163745261,0.0589364371041946,0
J095114.50+000247.4,0.3386693650753161,0.5962048309446434,0.0651258039800403,1
J095106.18+000314.8,0.7707159289433515,0.118686313409074,0.1105977576475743,0
J095101.24-005204.9,0.3476150364295401,0.6042471339879989,0.0481378295824609,1
J095111.32-004645.6,0.7444491233190614,0.1807655648797045,0.0747853118012341,0
J095137.59-011013.3,0.7790780034437964,0.1524124217651069,0.0685095747910965,0
J095109.21-011427.8,0.7941869928808016,0.1487694956618479,0.0570435114573502,0
J095113.80-005304.5,0.0259686732508286,0.934937265008338,0.0390940617408332,1
J095053.30-004127.6,0.4848573920401952,0.4552950750760097,0.059847532883795,0
J095114.22-004342.4,0.4132892397831835,0.5033006951130202,0.0834100651037962,1
J095038.21-010013.5,0.2147428155279524,0.7404685748852883,0.0447886095867592,1
J095034.96-001636.0,0.6016370844253415,0.351972859019653,0.0463900565550055,0
J095119.19-002629.3,0.6762024582515719,0.2805681742048445,0.0432293675435833,0
J095151.91-003000.4,0.782856332722621,0.0941148327166143,0.1230288345607645,0
J095113.51-002852.3,0.7865069581990548,0.107157378245165,0.1063356635557802,0
J095131.02-003031.7,0.3455222425057062,0.5644810084338193,0.0899967490604746,1
J095128.63-003345.6,0.6694849285891878,0.2866733869611404,0.0438416844496718,0
J095125.15-002208.5,0.3633794731348487,0.5636331801436031,0.0729873467215483,1
J095056.62-001904.9,0.8499374758792382,0.1080971067025425,0.0419654174182193,0
J095032.24-000553.5,0.7744621047232304,0.1004489313145419,0.1250889639622276,0
J095138.48-003434.1,0.8019589921811412,0.0714903324826883,0.1265506753361703,0
J095031.12-001721.2,0.5973523787467429,0.3345006617211301,0.0681469595321271,0
J095000.04-010102.5,0.8470234662518582,0.0925887521979231,0.0603877815502186,0
J094859.12-011511.6,0.051038145498321,0.9075576451778454,0.0414042093238334,1
J094936.36-004959.1,0.8461205956537321,0.0963547167252458,0.057524687621022,0
J094943.46-005202.1,0.553169980798382,0.3733303604716647,0.0734996587299534,0
J094956.73-005830.5,0.6039916014740199,0.3506362922142273,0.0453721063117528,0
J094936.96-011023.8,0.7962626956888849,0.1047427979549749,0.09899450635614,0
J094958.48-005259.2,0.5221681718001243,0.2392469445807993,0.2385848836190764,0
J095005.59-005058.2,0.7603553707333951,0.1569657398978305,0.0826788893687743,0
J094953.84-004829.9,0.5297406784302892,0.3670964192943215,0.1031629022753892,0
J094942.78-005024.2,0.743951378949779,0.1125018626719986,0.1435467583782223,0
J094956.38-001352.8,0.3973101530458167,0.544493588062583,0.0581962588916003,1
J094944.93-002031.4,0.1868413756117295,0.7660350761509019,0.0471235482373685,1
J094945.38+000248.5,0.8060626238643772,0.1131614822302993,0.0807758939053233,0
J095016.27-001653.0,0.8375827842355922,0.0823518757901232,0.0800653399742844,0
J094950.45-001803.6,0.781186535785243,0.1334658756907808,0.0853475885239759,0
J094954.64-000954.7,0.7958171456988439,0.1612691411351202,0.0429137131660361,0
J094957.70-001858.7,0.2407625077323336,0.7063015328552935,0.052935959412373,1
J094842.42-005710.1,0.4816983379769318,0.4447067743351844,0.0735948876878837,0
J094836.18-011023.7,0.7763377966489909,0.1671644096597279,0.0564977936912811,0
J094847.08-011230.5,0.7168902749251178,0.2134106223450316,0.0696991027298508,0
J094817.17-011350.5,0.4350222827026121,0.5144543905752448,0.050523326722143,1
J094855.17-005354.0,0.4819816075511511,0.4733764011762076,0.0446419912726411,0
J094818.68-005222.8,0.5590548233230644,0.4008963734105615,0.0400488032663738,0
J094905.32-004032.5,0.7892562765733865,0.0962463726676481,0.1144973507589653,0
J094849.85-011109.0,0.8016824708056228,0.0944327191890063,0.1038848100053708,0
J094731.51-003051.0,0.8027693421244958,0.086288137097837,0.1109425207776672,0
J094747.09-011246.5,0.8015412000438412,0.0879488324428355,0.1105099675133231,0
J094853.26-005155.5,0.7318558708823703,0.2036007896609498,0.0645433394566799,0
J094709.24-001838.5,0.5186832261350284,0.3840187017607286,0.0972980721042431,0
J094935.97-003324.9,0.6552268631671889,0.2870626571755861,0.057710479657225,0
J094922.04-003225.0,0.8608457305869552,0.0519206873779914,0.0872335820350534,0
J094927.08-001940.3,0.7151017531264252,0.2392655249641951,0.0456327219093798,0
J094852.97-001735.3,0.6303273656308129,0.2981168021487185,0.0715558322204686,0
J094701.73+000030.1,0.7660194492848399,0.1888897880490268,0.0450907626661336,0
J094933.97-001459.3,0.8093216012331449,0.1474596826799606,0.0432187160868943,0
J094718.26-002015.0,0.4491153822780551,0.5030539230989974,0.0478306946229473,1
J094937.29+000640.8,0.8241679960431091,0.1175476421839721,0.0582843617729187,0
J094655.12-001534.8,0.7643147876579106,0.1220416865155015,0.1136435258265881,0
J094933.36+000524.5,0.6778052027592643,0.2702477468199702,0.0519470504207655,0
J094930.93-002306.1,0.2142600665225841,0.7141272002504381,0.0716127332269777,1
J094858.96+010818.6,0.7586822869345187,0.2036863872291331,0.0376313258363482,0
J094913.51+011039.9,0.1070652073492775,0.8527111503454412,0.0402236423052812,1
J094848.43+005513.3,0.4006882278337752,0.3188646768989903,0.2804470952672344,0
J094920.53+010912.5,0.1047122254083203,0.7634756724296194,0.1318121021620601,1
J094839.72+002601.6,0.8539445220979199,0.0680971439555905,0.0779583339464895,0
J094705.50+004204.1,0.7614177252533626,0.1902359656635799,0.0483463090830573,0
J094929.44+001433.3,0.0774863940294954,0.886242682475312,0.0362709234951923,1
J094914.22+002039.3,0.4163177887258162,0.5025978340222601,0.0810843772519235,1
J094928.04+005806.1,0.5722881305883154,0.3587575276968238,0.0689543417148607,0
J094942.88+010626.9,0.7574345712105693,0.1900246082665128,0.0525408205229177,0
J094949.61+010533.2,0.0591555313091862,0.9048592512178516,0.0359852174729621,1
J095002.72+010602.1,0.7619544126350755,0.1799461296260391,0.0580994577388854,0
J095004.24+010910.1,0.8058221980492565,0.0835016940046008,0.1106761079461426,0
J095034.22+004648.4,0.4607601961683846,0.4825332502620735,0.0567065535695419,1
J095014.76+011347.4,0.611680177072811,0.3233166089325937,0.0650032139945952,0
J094948.21+005015.9,0.79699403639068,0.0888533526167981,0.1141526109925217,0
J094948.02+004529.0,0.6039117754886655,0.3500441540794207,0.0460440704319137,0
J095009.35+003551.2,0.3985128821386708,0.5565952174011372,0.0448919004601919,1
J095003.14+004308.4,0.6007146917852043,0.2863589916844296,0.1129263165303662,0
J095012.51+003222.6,0.8059305624767801,0.1095136569488062,0.0845557805744136,0
J095000.00+003841.7,0.5723319944861605,0.3646018125846046,0.0630661929292349,0
J095006.17+003044.0,0.6565617384780488,0.2720146181415867,0.0714236433803645,0
J095005.97+003219.7,0.733534258551314,0.1138830984293911,0.1525826430192948,0
J094953.04+001854.1,0.0678927428203078,0.8879575701634647,0.0441496870162275,1
J095000.51+003229.0,0.7866363905620676,0.0787243447836504,0.1346392646542819,0
J094957.79+003151.6,0.7677938765503588,0.1729969042243137,0.0592092192253273,0
J094949.49+003045.6,0.1763879959522936,0.6801580122518387,0.1434539917958678,1
J095039.37+011236.9,0.5309150585723582,0.385689948040788,0.0833949933868537,0
J095125.34+005555.6,0.8457317543265772,0.0769041212509693,0.0773641244224534,0
J095030.53+011313.7,0.7655338045320577,0.0781197472135782,0.156346448254364,0
J095054.21+011133.6,0.8294792629063064,0.1094631736677657,0.061057563425928,0
J095050.19+010853.6,0.534371877033029,0.4082691664061806,0.0573589565607904,0
J095115.81+005045.5,0.7424851621534697,0.0868855303422746,0.1706293075042557,0
J095109.58+005458.2,0.1209044253505451,0.8139722049708381,0.0651233696786167,1
J095057.65+005147.3,0.45729570616672,0.4875228761597742,0.0551814176735056,1
J095120.50+005358.9,0.5739185991239744,0.348418602370398,0.0776627985056275,0
J095048.11+004946.4,0.6238207825315649,0.2078953607820146,0.1682838566864204,0
J095028.62+004449.4,0.4801645684421342,0.4762796084290507,0.0435558231288151,0
J095041.04+004002.1,0.7322686196938123,0.2016544187919784,0.0660769615142092,0
J095021.83+004411.1,0.3254019678104666,0.6318078759377141,0.0427901562518192,1
J095031.30+002426.9,0.3132476126173789,0.1296404416793123,0.5571119457033087,2
J095053.37+003608.2,0.8082474953126283,0.116260270728543,0.0754922339588286,0
J095037.87+002531.6,0.5288328571538343,0.3864908281677854,0.0846763146783801,0
J095134.86+001520.3,0.772216657075004,0.1082358813898193,0.1195474615351768,0
J095127.75+003007.2,0.5365041434794924,0.4190680805401751,0.0444277759803324,0
J095054.94+004610.9,0.6917495523198842,0.2565858534035987,0.0516645942765172,0
J095107.02+001334.6,0.2264680779486577,0.682937100438821,0.0905948216125211,1
J095127.50+001521.2,0.2119293349476855,0.744092931767255,0.0439777332850595,1
J095138.58+010155.1,0.8065050357557592,0.1043370443034278,0.089157919940813,0
J095203.79+010854.3,0.8265972965832727,0.0872741240801817,0.0861285793365454,0
J095149.61+010834.0,0.6947894769752258,0.2205602133007102,0.0846503097240641,0
J095118.61+010756.2,0.7397652074069191,0.2159697840302995,0.0442650085627811,0
J095135.00+010643.4,0.7058052032538256,0.1356951201008,0.1584996766453744,0
J095144.97+011235.9,0.4116488334066718,0.5259948329670477,0.0623563336262803,1
J095152.41+004551.9,0.1884300574240587,0.748335966646528,0.0632339759294131,1
J095153.06+010605.8,0.2516285667072711,0.7101513846668879,0.0382200486258411,1
J095158.39+005611.0,0.8518972282476318,0.0944547341906584,0.0536480375617101,0
J095134.21+010819.8,0.6618252396561692,0.2115693359626885,0.1266054243811422,0
J095156.53+010639.5,0.6194219492754569,0.3079980908922135,0.0725799598323293,0
J095203.44+005216.3,0.7799908718338849,0.0919676585725147,0.1280414695936002,0
J095143.48+005707.5,0.4704075003690764,0.4236114445611833,0.1059810550697403,0
J095201.50+002055.8,0.792462617317832,0.0879359613626715,0.1196014213194966,0
J095148.34+003618.8,0.2613056253062637,0.6070772276271932,0.1316171470665429,1
J095231.42+001206.6,0.775539226883139,0.0978990899515096,0.1265616831653513,0
J095146.88+001949.6,0.1839222674658203,0.7756917251330212,0.0403860074011585,1
J095159.43+002715.5,0.5568009356558536,0.3930051319356928,0.0501939324084537,0
J095216.49+003251.3,0.7114065495354412,0.2177130780736587,0.0708803723909,0
J095147.81+001724.8,0.5198445410487185,0.4337367517708723,0.0464187071804091,0
J095214.09+001409.3,0.4371390507686825,0.525957672501259,0.0369032767300586,1
J095135.32+002605.0,0.1522938607550154,0.751073284933356,0.0966328543116285,1
J095219.87+001213.1,0.0916307724591778,0.8606830333224221,0.0476861942184002,1
J095137.28+002443.5,0.5569269017181818,0.4002818610643884,0.0427912372174297,0
J095151.52+003929.9,0.6308230956233792,0.2840557847071057,0.085121119669515,0
J095144.35+001606.3,0.7164589825942757,0.2236351929420377,0.0599058244636865,0
J095256.83+003639.7,0.3733483491459964,0.5788260556163517,0.0478255952376517,1
J095259.33+003010.3,0.657567361130019,0.2368687091156484,0.1055639297543322,0
J095316.27+004000.1,0.6475143613134423,0.2166980359411381,0.1357876027454194,0
J095245.14+004505.8,0.7161695124179065,0.212462280423524,0.0713682071585695,0
J095309.65+003500.4,0.6976053183856741,0.2587986794453423,0.0435960021689838,0
J095237.62+001831.8,0.7648601329177223,0.1404061492991145,0.0947337177831631,0
J095243.68+003214.0,0.4548076716799107,0.4963882336378726,0.0488040946822164,1
J095235.12+001456.5,0.2767620727251055,0.6536152244199144,0.0696227028549799,1
J095314.84+003859.8,0.3147445530116226,0.614148774933281,0.0711066720550963,1
J095313.90+003742.7,0.3908007628735682,0.5621332545199721,0.0470659826064596,1
J095320.22+004151.8,0.0704077986603618,0.8873584057272242,0.0422337956124138,1
J095334.83+003546.5,0.4247165198978107,0.5145930098969766,0.0606904702052128,1
J095320.48+003742.8,0.1848597386118621,0.2265122756947918,0.588627985693346,2
J095346.46+002939.6,0.1528044856753188,0.7636372580167549,0.0835582563079263,1
J095211.46+010543.6,0.0814121249388441,0.8737850810292462,0.0448027940319093,1
J095211.19+011044.0,0.4423589810352965,0.4956631643566768,0.0619778546080267,1
J095249.26+010322.1,0.0187520233241885,0.9498320414790702,0.0314159351967412,1
J095306.82+011459.0,0.4362501516391093,0.4957846024421212,0.0679652459187693,1
J095233.09+005902.7,0.2463688977371998,0.7028694781312798,0.0507616241315204,1
J095208.52+005546.6,0.241192761854046,0.7164648083578821,0.0423424297880716,1
J095405.93+003901.9,0.0417524692859867,0.9170450527994164,0.0412024779145969,1
J095414.14+003817.9,0.0428618305262499,0.9214236471065452,0.0357145223672048,1
J095425.98+003622.9,0.4568378419453685,0.4883454654807563,0.054816692573875,1
J095308.47+004614.0,0.467965584821997,0.4729359459583284,0.0590984692196744,1
J095345.72+004712.2,0.3863370864861925,0.5710409694628007,0.0426219440510069,1
J095516.09+003346.6,0.1620290878817435,0.7999111324996394,0.0380597796186169,1
J095535.80+004201.2,0.4023562671561567,0.4610472768906347,0.1365964559532085,1
J095507.60+001638.5,0.2361158550488217,0.6956836695480783,0.0682004754031001,1
J095501.78+005810.2,0.0861820963401562,0.8684073909030045,0.0454105127568391,1
J095431.83+010516.7,0.3512363268449813,0.5840063046803114,0.064757368474707,1
J095502.86+004527.0,0.0972143387074279,0.8427029447271849,0.060082716565387,1
J095409.71+004606.5,0.0446918126289255,0.9091744085945592,0.0461337787765151,1
J095554.09+001958.5,0.3702164357683535,0.5812187275523163,0.0485648366793301,1
J095609.84+001933.0,0.2098837642708202,0.5934576129314642,0.1966586227977156,1
J095601.20+003953.9,0.1543903365165888,0.8012080453493577,0.0444016181340533,1
J095555.78+001347.5,0.2042959331670869,0.7488858271772139,0.0468182396556991,1
J100123.11-003804.5,0.1001313463111664,0.8605413190702478,0.0393273346185856,1
J100130.65-000748.4,0.3695658468556028,0.574018345255867,0.0564158078885302,1
J100203.32-001249.8,0.2017871912024656,0.7281302958057538,0.0700825129917805,1
J100128.03-001805.3,0.3381086342001009,0.6263954066141441,0.0354959591857549,1
J095910.61-005133.9,0.3054237156857833,0.6375444728911023,0.0570318114231144,1
J095935.14-003850.0,0.2984147051126456,0.5395021324946717,0.1620831623926827,1
J095930.23-003745.6,0.2083931459885716,0.7399534119794045,0.0516534420320237,1
J100109.92-001608.5,0.0425324068330237,0.9195560867490898,0.0379115064178861,1
J100120.04-002209.4,0.3716747491734466,0.5872347220867474,0.0410905287398057,1
J095827.36-005117.8,0.3029371173154004,0.6353122919740736,0.0617505907105259,1
J095827.94-005004.1,0.4257765500437787,0.5267454143159412,0.04747803564028,1
J095830.62-004113.0,0.458017731112938,0.5000435646681664,0.0419387042188955,1
J095702.63-011430.0,0.1960732448085694,0.7571326125850163,0.0467941426064142,1
J095709.58-010820.9,0.2733366904507862,0.5524501146606338,0.1742131948885799,1
J095710.35-010527.3,0.0552555874499563,0.9054422971676368,0.0393021153824066,1
J095718.76-002814.7,0.2613891507064696,0.6937424049012576,0.0448684443922728,1
J095957.37-001501.3,0.3847245363413723,0.565176494215148,0.0500989694434796,1
J095931.53-001523.5,0.4209193658041739,0.5250804390875533,0.0540001951082728,1
J095912.28-000824.5,0.1082432415635864,0.8330052055296083,0.0587515529068051,1
J095916.35-002250.5,0.2349032357928628,0.7201583242615535,0.0449384399455837,1
J095936.47-001918.2,0.1036727551027467,0.8419782579606787,0.0543489869365745,1
J095922.79-000058.9,0.2571474321685662,0.6897468982908892,0.0531056695405444,1
J095926.18-001514.2,0.0411258203031344,0.9231670902891492,0.0357070894077164,1
J095840.17-001530.1,0.1515408509689265,0.8099654215205283,0.0384937275105451,1
J095834.53+000407.9,0.0504002312606581,0.908644466671254,0.0409553020680882,1
J095903.24+000213.4,0.2550318765421513,0.7020540125108099,0.042914110947039,1
J095907.12+000038.3,0.1905242841755093,0.77626056538755,0.0332151504369408,1
J095645.08-004055.9,0.1534410363877397,0.800148047550922,0.0464109160613383,1
J095730.61-001908.3,0.3496755967302542,0.5971066417122716,0.0532177615574742,1
J095740.05+000001.6,0.1650082212998201,0.772351763308259,0.0626400153919208,1
J095729.60+000219.6,0.1724333387930928,0.781400638617159,0.0461660225897479,1
J095749.46-001610.0,0.1861009208387704,0.7711651856214411,0.0427338935397884,1
J095747.99-002559.0,0.1045304025809841,0.8549058552048049,0.0405637422142108,1
J095813.48-002311.8,0.4107345102260868,0.5389841839504054,0.0502813058235077,1
J095754.61-002349.9,0.4729422974340295,0.4890435577792422,0.038014144786728,1
J095741.44-001838.5,0.0372239539348068,0.9241135127164222,0.038662533348771,1
J095819.52-001822.5,0.2565399346831722,0.6902681940405131,0.0531918712763146,1
J095558.72-010208.0,0.2490056173648225,0.6569103673747132,0.094084015260464,1
J095623.88-011433.9,0.4651032893125921,0.4867844141143025,0.0481122965731055,1
J095527.99-010530.3,0.2514963190891193,0.4157413402334833,0.3327623406773972,1
J095652.55+000556.0,0.3546835623914097,0.5848983124154583,0.060418125193132,1
J095655.95-002338.8,0.467250322762254,0.4864765236212026,0.0462731536165434,1
J095712.01-002527.3,0.4608215481367863,0.4889979019444544,0.0501805499187591,1
J095714.67-001837.7,0.2308467373989602,0.7182118238385807,0.050941438762459,1
J095710.98-002211.8,0.0435015543151829,0.9145346568047312,0.0419637888800858,1
J095652.53-000505.4,0.4345612477499337,0.4972400272961868,0.0681987249538794,1
J095700.79-002325.0,0.3386205352672221,0.588743976656525,0.072635488076253,1
J095656.36-000426.5,0.1837251781988652,0.7666763214072324,0.0495985003939023,1
J095359.28-010306.4,0.1358828969710753,0.8011002890937488,0.063016813935176,1
J095422.51-011525.4,0.1738839004245651,0.3198051595926093,0.5063109399828254,2
J095118.43-001000.6,0.3477406185807513,0.5495539077911751,0.1027054736280736,1
J095614.70+000610.8,0.2983779202364792,0.6692662415370827,0.0323558382264378,1
J095343.89-000524.7,0.1331191778022148,0.8092204550818514,0.0576603671159339,1
J095158.50+010658.0,0.2905501633608892,0.6251515242704648,0.0842983123686459,1
J095326.31+003728.4,0.1801532734763526,0.6361410544437773,0.18370567207987,1
J095455.15+002243.1,0.0635666656519751,0.8906019551714462,0.0458313791765788,1
J095234.89+001459.8,0.2764032800850717,0.6493598848319292,0.0742368350829993,1
J095615.72+011243.2,0.2468401109838967,0.7114295544345508,0.0417303345815525,1
J095537.56+010004.3,0.4070738781977467,0.5088984316998555,0.0840276901023978,1
J095638.73+010534.3,0.1082488705059114,0.8084208708291746,0.0833302586649138,1
J095623.78+010859.9,0.1868001990753755,0.7541133685308359,0.0590864323937884,1
J095642.69+005548.8,0.0792741375205352,0.8832041277064131,0.0375217347730514,1
J095609.04+011512.9,0.0248418835649445,0.9499737494477322,0.0251843669873232,1
J095627.38+005553.9,0.3868347205222715,0.5529470069853759,0.0602182724923525,1
J095601.98+004612.0,0.218885242419835,0.7293248307414086,0.0517899268387563,1
J095641.25+003555.6,0.0325580229830364,0.9140693111504202,0.0533726658665434,1
J095613.64+004514.0,0.2619603596229675,0.662994091166323,0.0750455492107092,1
J095633.51+004503.1,0.1701281444780329,0.731926831129391,0.0979450243925757,1
J095629.19+004232.0,0.0423881732613093,0.9015881697132808,0.0560236570254094,1
J095649.39+010713.8,0.4081849787823518,0.5512588145536595,0.0405562066639886,1
J095725.57+010012.6,0.3881210881746091,0.560246790040211,0.0516321217851798,1
J095717.92+005754.5,0.4535436048139495,0.4966670399388979,0.0497893552471524,1
J095719.17+004126.9,0.1990819115178856,0.7488170585447586,0.0521010299373558,1
J095642.28+004525.2,0.1169253780707011,0.8443327269520847,0.038741894977214,1
J095700.05+001627.3,0.0578266039685124,0.9054401179988782,0.0367332780326095,1
J095701.82+002123.4,0.1819168266341338,0.7736827766381825,0.0444003967276837,1
J095709.66+003907.1,0.0490865756379488,0.9066891047093704,0.0442243196526806,1
J095713.64+001155.3,0.1838545195168472,0.7809939405978679,0.0351515398852848,1
J095702.31+001047.8,0.2912274828271292,0.6572809412625987,0.051491575910272,1
J095825.33+010614.2,0.1493041465292468,0.7965263513757916,0.0541695020949615,1
J095830.02+011055.1,0.3227904786387482,0.6311474998753562,0.0460620214858955,1
J095750.60+004743.3,0.0523863415578646,0.8915701486433081,0.0560435097988273,1
J095726.96+003159.1,0.0986707743057754,0.8637525763080004,0.0375766493862241,1
J095757.29+003318.9,0.3320574189266976,0.6255139135098968,0.0424286675634056,1
J095746.68+004022.1,0.1408564169099501,0.7306716670152039,0.1284719160748459,1
J095732.88+004004.2,0.1782271689618534,0.6970800449958752,0.1246927860422714,1
J095743.26+004123.7,0.0511677997733607,0.919047252325618,0.029784947901021,1
J095756.22+001222.9,0.0863620423056069,0.8680669320108333,0.0455710256835598,1
J095739.03+001957.2,0.2086924555649668,0.7593321418096557,0.0319754026253775,1
J095812.15+001414.0,0.159597981658581,0.7928693342464643,0.0475326840949545,1
J095835.36+003411.8,0.2535768636427495,0.5779380750800748,0.1684850612771755,1
J095849.86+000941.1,0.3920057418986433,0.5727453174361973,0.0352489406651594,1
J095824.86+000939.8,0.1070359066906609,0.8470213936237329,0.0459426996856062,1
J095834.92+010051.3,0.1214640386924394,0.8003377117018087,0.0781982496057518,1
J100024.36+004216.5,0.0448443499626214,0.921493572853599,0.0336620771837795,1
J100025.26+002953.1,0.1658266428580372,0.7962362678729822,0.0379370892689805,1
J095948.03+004648.5,0.0617502623039556,0.904994032718316,0.0332557049777282,1
J100057.78+002233.3,0.2711521749685503,0.690579419939353,0.0382684050920965,1
J100114.86+003602.4,0.0741484580936289,0.8817482190269464,0.0441033228794243,1
J100054.78+003531.5,0.0567047435521848,0.8893606695177125,0.0539345869301025,1
J100109.49+003511.4,0.1053616538649359,0.8277789942992438,0.0668593518358204,1
J100059.50+001824.0,0.4649382734256587,0.4721043813788922,0.0629573451954491,1
J100101.72+001252.6,0.0258634034081806,0.9367823171211924,0.0373542794706268,1
J100033.71+005121.8,0.275738476521338,0.6668515921477345,0.0574099313309276,1
J095949.57+004956.3,0.1399173345391564,0.7905926560751695,0.069490009385674,1
J100147.52+003041.8,0.1399370105520759,0.7893289131992438,0.0707340762486803,1
J100129.69+001525.9,0.4038730060371823,0.5590921426552913,0.0370348513075266,1
J100200.63+001044.1,0.3732597212808429,0.5736676754177433,0.053072603301414,1
J100127.73+000918.3,0.2498866146219681,0.6970800863601332,0.0530332990178988,1
J100600.62-005634.0,0.2786764598715333,0.6574246014412992,0.0638989386871673,1
J100552.21-004847.7,0.352894220326157,0.6093134645390614,0.0377923151347816,1
J100642.50-005333.4,0.3369436366668232,0.6165192554256597,0.046537107907517,1
J100614.64-005857.7,0.2352454558562674,0.7075014507486534,0.057253093395079,1
J100751.79-001619.0,0.2069881808350449,0.7615180309787111,0.031493788186244,1
J100744.82-001319.6,0.0235949069442696,0.9414839843000162,0.0349211087557141,1
J100750.02-000112.8,0.3084904772980752,0.6336924925068782,0.0578170301950466,1
J100744.84-003807.2,0.382446247140405,0.5591016195485917,0.0584521333110032,1
J100743.90-000821.0,0.3372241224808349,0.627093320385456,0.0356825571337092,1
J100809.20-000755.2,0.1089584093054896,0.8473904975590985,0.043651093135412,1
J100819.49+000451.8,0.2577416559180014,0.6862486624415328,0.0560096816404658,1
J100510.01-010810.5,0.0324164290606967,0.9303998912525366,0.0371836796867663,1
J100458.28-011254.5,0.0280016920065512,0.9224463505129478,0.0495519574805009,1
J100548.33-011312.3,0.2319318816660809,0.716808907363078,0.0512592109708411,1
J100723.72-001708.0,0.18676483346372,0.7669500117226704,0.0462851548136097,1
J100717.71-001537.5,0.2865976887329994,0.6673202790183843,0.0460820322486161,1
J100703.61-003711.6,0.2370698453619794,0.7115578697000337,0.0513722849379868,1
J100719.93-001828.7,0.1385193905782778,0.8196007929541309,0.0418798164675911,1
J100719.85-003223.0,0.4769263986964555,0.480312680270496,0.0427609210330484,1
J100717.54-000443.2,0.1608249771573105,0.7954098188259274,0.0437652040167619,1
J100413.07-010340.0,0.0388879055391698,0.9215142834318536,0.0395978110289766,1
J100418.35-010803.5,0.3934778979483553,0.5427889630464037,0.0637331390052409,1
J100452.77-005530.3,0.1601741462453293,0.8026438592325975,0.037181994522073,1
J100647.98-003013.0,0.2264756863532438,0.6962436902924377,0.0772806233543186,1
J100638.01-001305.3,0.2719078751298364,0.6701434245590288,0.0579487003111348,1
J100338.81-005201.8,0.4631775917037278,0.4848484829459684,0.0519739253503036,1
J100236.83-010011.1,0.1944381278951443,0.0920318337746283,0.7135300383302274,2
J100521.69-002818.4,0.0265171636699296,0.9382209617537156,0.0352618745763547,1
J100557.17-001422.1,0.0985891010762647,0.8330690503553239,0.0683418485684114,1
J100452.97-000330.0,0.2958265573971263,0.6668803433121385,0.0372930992907349,1
J100402.15-002034.5,0.4130305946929561,0.5424698314925295,0.0444995738145142,1
J100423.11-001246.8,0.020437051084756,0.9496561176620644,0.0299068312531796,1
J100355.81-002407.8,0.2807533691521016,0.6757884652236078,0.0434581656242905,1
J100210.77-011503.3,0.3845363973859295,0.5548881182947073,0.0605754843193633,1
J100213.67-010823.3,0.2476783733546021,0.7126674888507653,0.0396541377946326,1
J100323.90-000140.6,0.0616387169390716,0.8999599418810673,0.0384013411798611,1
J100334.40+000433.6,0.279682999237508,0.6825674222669339,0.0377495784955581,1
J100320.65+000037.2,0.4456299743246946,0.4588722561401502,0.0954977695351551,1
J100134.15-005425.6,0.1731945285747803,0.7170762147019464,0.1097292567232731,1
J100137.39-005636.5,0.4147575450620184,0.548306790325485,0.0369356646124965,1
J100148.73-010827.0,0.3062161530458372,0.6477767617462712,0.0460070852078915,1
J100201.16-010721.7,0.1471703846645577,0.8090090180077959,0.0438205973276464,1
J100231.67-004321.3,0.3582872057574421,0.5930511008013737,0.0486616934411841,1
J100232.56-002749.6,0.2680499730056345,0.6857541425131363,0.0461958844812291,1
J100232.53-002942.5,0.1339154584809221,0.8246729791944228,0.0414115623246549,1
J100241.07-002526.0,0.0928560999784759,0.8686049203794723,0.0385389796420514,1
J100235.45-000403.3,0.2859985355216248,0.6067748038059328,0.1072266606724422,1
J100046.70-011037.8,0.1364513034980125,0.819697368472061,0.0438513280299264,1
J100125.63-004146.8,0.1631183406340429,0.7860946142952454,0.0507870450707116,1
J100128.19-000732.7,0.0567641451713955,0.9014410822762992,0.0417947725523051,1
J100209.94-001121.2,0.3523266663914053,0.5748057062308122,0.0728676273777826,1
J100131.62-001027.2,0.0214657178492343,0.9453432940690524,0.0331909880817131,1
J100119.62+005809.1,0.4325093907648162,0.5151549884964594,0.0523356207387244,1
J100218.56+003316.8,0.3746587220836491,0.5762881562421197,0.049053121674231,1
J100245.81+003149.8,0.4178817785431396,0.5364596971041087,0.0456585243527516,1
J100125.44+004959.6,0.0492353535604925,0.9182697664043536,0.032494880035154,1
J100307.13+003251.7,0.4314669812699118,0.5286460663772848,0.0398869523528032,1
J100300.25+000932.1,0.3113114180083272,0.6301597232857131,0.0585288587059595,1
J100310.35+000737.4,0.0528774291296421,0.908027157476097,0.0390954133942607,1
J100336.81+002226.9,0.4260962086992438,0.5265964440459778,0.0473073472547785,1
J100312.81+010855.9,0.1010164968275825,0.8614108437242092,0.0375726594482081,1
J100339.58+002327.3,0.2184650594065812,0.7267592002662638,0.0547757403271549,1
J100349.64+002258.1,0.0542301591289685,0.9060239329758804,0.0397459078951512,1
J100426.18+003606.5,0.3820346491496398,0.4492913416170221,0.1686740092333381,1
J100440.83+002211.6,0.143784297769883,0.8052512871160633,0.0509644151140535,1
J100341.43+005751.6,0.184068057403978,0.7138698544427977,0.1020620881532241,1
J100440.54+001942.6,0.0776364708603683,0.825813449630211,0.0965500795094205,1
J100414.35+003028.9,0.3807776928629214,0.5687538178276077,0.050468489309471,1
J100434.56+003230.3,0.2149801389663287,0.7086832519405227,0.0763366090931484,1
J100409.34+002529.4,0.2806704345830533,0.6536513091589151,0.0656782562580315,1
J100426.87+001037.8,0.0832150635200497,0.881646399061462,0.0351385374184883,1
J100418.96+000713.3,0.1766948745827097,0.7717295366456349,0.0515755887716551,1
J100524.08+003237.9,0.1557721359728766,0.8085274860337002,0.0357003779934231,1
J100531.89+003639.6,0.1649333017237048,0.7892528736399342,0.0458138246363608,1
J100519.86+001630.9,0.042886048538181,0.9188746427621206,0.0382393086996983,1
J100556.10+003701.9,0.2368270269872006,0.6769522267009583,0.0862207463118411,1
J100638.89+002850.0,0.2834889234453913,0.6775322885946374,0.038978787959971,1
J100637.13+003757.3,0.4122003114432479,0.5415388060947722,0.0462608824619797,1
J100632.47+002011.4,0.4081270825157815,0.5432529853915855,0.0486199320926329,1
J100358.60+004411.8,0.065527817383436,0.8870098746557805,0.0474623079607833,1
J100413.72+004844.8,0.2617994062179956,0.7009186649184127,0.0372819288635917,1
J100359.90+004824.8,0.3143174699690259,0.6370790634858683,0.0486034665451058,1
J100355.04+011058.4,0.0999701238121504,0.8291589197591143,0.0708709564287355,1
J100430.70+005322.0,0.20036973648674,0.7513432909179647,0.0482869725952951,1
J100441.09+005451.1,0.2325269970356851,0.6789191065809943,0.0885538963833204,1
J100656.07+003006.6,0.4502002049225425,0.4974221899110999,0.0523776051663576,1
J100724.03+003301.2,0.0275516360683382,0.9396747308985794,0.0327736330330823,1
J100702.24+002818.3,0.3907076151369836,0.5524954857422233,0.0567968991207931,1
J100509.43+005721.4,0.0307013792947585,0.9318535361068552,0.0374450845983864,1
J100511.48+005008.9,0.0351762303467875,0.9319776377870622,0.0328461318661504,1
J100539.20+005111.9,0.2055285313875688,0.7528078548854732,0.0416636137269579,1
J100521.17+005857.3,0.0991079691372778,0.8609967662754194,0.0398952645873027,1
J100529.92+004016.3,0.0963047375789623,0.7813585040637088,0.1223367583573288,1
J100734.12+001638.1,0.0750728075096797,0.8838543149908912,0.041072877499429,1
J100750.89+003149.1,0.3802727884862453,0.3837662763712473,0.2359609351425072,1
J100732.68+002348.4,0.1928473232158589,0.7655811523867047,0.0415715243974364,1
J100739.53+001108.2,0.1975579072546587,0.7565739608159181,0.045868131929423,1
J100725.02+001110.7,0.1823663481012675,0.736612699772145,0.0810209521265871,1
J100741.44+002650.1,0.4563493344148384,0.4990786692138581,0.0445719963713034,1
J100733.18+004711.1,0.2381005453660955,0.7165390551878222,0.0453603994460821,1
J100639.40+005428.7,0.1385292408573636,0.7781197188316682,0.0833510403109679,1
J100723.33+004822.6,0.3321377899337026,0.6089944767489001,0.0588677333173974,1
J000025.28-002541.0,0.4070379355564175,0.0982087929027562,0.4947532715408262,2
J001202.69+002000.9,0.3676347218704835,0.1552580595999156,0.4771072185296008,2
J001205.73+001852.4,0.2028889709613844,0.1808699019619958,0.61624112707662,2
J001214.81+002234.7,0.3727665071541546,0.068149258288809,0.5590842345570362,2
J001406.79-003850.9,0.3125666743733014,0.0701841065422398,0.6172492190844586,2
J001423.22+001633.4,0.3029234403965558,0.3192730430384231,0.3778035165650212,2
J001400.71+001711.7,0.3074878067647527,0.0978240647694132,0.594688128465834,2
J001748.63+004259.5,0.1480281704778529,0.0738239943397658,0.7781478351823812,2
J001734.47+004434.9,0.3968306117582831,0.1014314454716865,0.5017379427700303,2
J002209.70-005613.1,0.2154454829178215,0.2668209520694334,0.517733565012745,2
J001732.71+004428.5,0.3788980277929885,0.0990305725557583,0.522071399651253,2
J003250.70-002420.6,0.1633697988374644,0.1464488408288574,0.690181360333678,2
J002942.06-001739.1,0.2956982282668013,0.1955677524044995,0.508734019328699,2
J005319.32-011059.1,0.1073865036333338,0.0577768805749321,0.834836615791734,2
J005253.83-010146.1,0.1872517681958122,0.1991396751606143,0.6136085566435735,2
J005248.78-011223.0,0.0707239115926315,0.0310564799458315,0.8982196084615368,2
J005228.03-010516.6,0.2209139651925739,0.082884994099596,0.6962010407078302,2
J005254.41-002503.3,0.1418602956946386,0.0972471591943423,0.7608925451110191,2
J005002.47-000756.6,0.273213014921698,0.2756299940709409,0.451156991007361,2
J004801.92-001230.1,0.2822268243496267,0.130487811985743,0.5872853636646302,2
J004935.69+010655.5,0.132880555821966,0.1144981153324033,0.7526213288456306,2
J005625.55+002734.6,0.333895578136871,0.0834661925180093,0.5826382293451198,2
J010049.39-010426.8,0.3028901057785579,0.2429102053956186,0.4541996888258233,2
J005702.09+002834.0,0.2169393122686233,0.2387039720630331,0.5443567156683435,2
J010427.47+003744.4,0.2812710959693042,0.1619487552380237,0.5567801487926722,2
J011747.75+011140.4,0.1857775104683464,0.2217635153997462,0.5924589741319073,2
J012229.78-002052.0,0.2691990395392325,0.0767119005859118,0.6540890598748555,2
J013728.04-002312.3,0.3125409279695736,0.2712101158152656,0.4162489562151608,2
J013615.98-004721.4,0.2083615843342055,0.3208064137483711,0.4708320019174233,2
J013714.65-002259.4,0.0457529834435717,0.0480838695339571,0.9061631470224708,2
J013350.35-005430.1,0.1958020338058263,0.182919245773843,0.6212787204203305,2
J013816.41+010722.1,0.3112853600937877,0.1186225746327012,0.5700920652735111,2
J014634.32-003905.1,0.3603418814152222,0.1390907612738292,0.5005673573109485,2
J015734.39-010225.8,0.4093260182014773,0.0877040741363713,0.5029699076621513,2
J015515.52+002212.8,0.2431073671093214,0.3370524507445218,0.4198401821461568,2
J020843.81-002235.2,0.1389371562103778,0.0509776070837927,0.8100852367058292,2
J020254.69+000652.2,0.15303942730678,0.072131169551201,0.774829403142019,2
J022034.71-000401.6,0.3912507988676328,0.1318233030292395,0.4769258981031277,2
J022134.58+003357.2,0.229942359473494,0.1574732704468161,0.6125843700796899,2
J022717.85-004529.1,0.1812450877008473,0.1242090299574075,0.6945458823417452,2
J023150.80-010823.1,0.3411680724782833,0.1856058513403246,0.4732260761813919,2
J022752.51-010910.0,0.405095977182261,0.1183247345616431,0.4765792882560955,2
J022725.19-010334.3,0.3093422833593083,0.1255601310983327,0.5650975855423589,2
J023133.55+004522.5,0.2196659733412993,0.3121692312552638,0.4681647954034367,2
J023501.82-001957.1,0.2313161019205668,0.2871062043956534,0.4815776936837795,2
J023919.13+001454.1,0.1190507744593487,0.0637128838289589,0.8172363417116923,2
J024309.59+000531.8,0.1753544143475205,0.3800486212968034,0.4445969643556761,2
J024939.31+005208.7,0.2703843513368126,0.0952044284563399,0.6344112202068475,2
J025436.11-000138.1,0.0883124233002288,0.0366424036878066,0.8750451730119646,2
J004633.02+153510.6,0.3292456812362567,0.0933738196677894,0.5773804990959538,2
J004703.93+152944.4,0.231966379274252,0.1695591638451975,0.5984744568805503,2
J015321.41+124048.4,0.1012993995453735,0.0906266695885337,0.8080739308660929,2
J022843.18-093424.1,0.2206302641820994,0.2991926883136677,0.4801770475042329,2
J022417.73-072336.9,0.232706878380998,0.2333863515634787,0.5339067700555231,2
J023515.09-092711.8,0.2009850356193047,0.0677068406833168,0.7313081236973784,2
J023523.66-074334.1,0.2373502024560613,0.2110783502273961,0.5515714473165425,2
J024603.40-082605.7,0.3534137199010479,0.1515892903149223,0.4949969897840298,2
J030024.64-080528.7,0.0958244050040711,0.0600345103010752,0.8441410846948537,2
J025324.48-085243.6,0.162545358736401,0.2101063650238715,0.6273482762397274,2
J041231.13-063408.7,0.3152285712613347,0.104581957525873,0.5801894712127923,2
J084808.38+012128.5,0.1872539657508853,0.1208057125972262,0.6919403216518883,2
J085437.86+005628.2,0.0954142788797047,0.0652153171826762,0.8393704039376191,2
J092005.77+010433.0,0.3169348651796591,0.1315489885266716,0.5515161462936692,2
J091944.36+005448.3,0.3076157638162854,0.1458947989108072,0.5464894372729073,2
J093022.52+011636.6,0.4114650721329756,0.1091379784621424,0.4793969494048818,2
J092920.96+020459.6,0.2878587940064191,0.0720076917415733,0.6401335142520074,2
J094039.32+022923.5,0.3640866936730194,0.2445957815920126,0.3913175247349679,2
J094507.08+024027.1,0.3205235635558228,0.1093695215898217,0.5701069148543554,2
J094353.52+020657.6,0.4307443552439854,0.1020903685091525,0.4671652762468621,2
J094607.77+022139.7,0.3007328964482099,0.1609770400420135,0.5382900635097765,2
J095649.63+025451.3,0.379743160098979,0.1287587900758371,0.4914980498251839,2
J090206.19+031023.7,0.232377236785138,0.2948217375715817,0.4728010256432801,2
J091445.97+032056.5,0.2900113063126306,0.2650668771074351,0.4449218165799342,2
J091337.21+031720.5,0.3972356371861786,0.1980910103155215,0.4046733524982999,2
J091324.59+032046.7,0.0344084733430856,0.0353183027871866,0.9302732238697276,2
J091242.91+032304.8,0.1179849080656994,0.0655516824246847,0.8164634095096156,2
J092346.36+024510.7,0.1265914076641719,0.3704507478921103,0.5029578444437177,2
J093822.98+043424.6,0.331076762164963,0.2230779794796543,0.4458452583553824,2
J093815.91+043408.3,0.1920921238645365,0.0484174972159699,0.7594903789194938,2
J094411.67+033618.7,0.2201926445919335,0.1013721953173161,0.6784351600907503,2
J093847.25+043649.9,0.1083098931110704,0.0930659080020229,0.7986241988869068,2
J094232.31+035226.0,0.3651698281469015,0.0992904391293962,0.5355397327237023,2
J095648.24+025232.8,0.284704051907691,0.1242971955420455,0.5909987525502634,2
J100017.11+045319.5,0.2684454228871396,0.0716165554619983,0.6599380216508621,2
J004250.35-095308.0,0.0463955241432736,0.028393392350754,0.925211083505972,2
J011248.12-102334.3,0.3091175312590798,0.0818831432944156,0.6089993254465046,2
J010916.96-102027.7,0.405457073931873,0.0562653463520605,0.5382775797160664,2
J013233.38-101932.4,0.0980432187338076,0.0591568335402471,0.8427999477259452,2
J013909.66-093113.4,0.3828334593419447,0.1957176738183652,0.4214488668396902,2
J014125.29-092427.8,0.2296963461896068,0.0657337687573547,0.7045698850530384,2
J015235.76-092101.2,0.2951296458067951,0.2604612331517597,0.4444091210414451,2
J015147.83-094609.1,0.3835230836292739,0.0940692169147659,0.5224076994559603,2
J015159.00-101850.9,0.14905201682542,0.0581289712828683,0.7928190118917116,2
J014923.86-084548.1,0.3894969090702341,0.1332806743864177,0.477222416543348,2
J020604.42-091233.0,0.2826207413806851,0.2766224920988467,0.4407567665204681,2
J015834.39-085332.9,0.2707157111902505,0.0789836503854917,0.6503006384242579,2
J021407.83-100355.1,0.1375443661464648,0.0677462572439398,0.7947093766095952,2
J021336.68-094705.7,0.3260481134135912,0.0991341793968699,0.5748177071895388,2
J021540.79-085841.8,0.1018918651138852,0.0543427049568962,0.8437654299292185,2
J000725.02-000752.2,0.1372269023090517,0.0899007341435686,0.7728723635473798,2
J000601.82+005648.6,0.4005957428609061,0.1815815552941321,0.4178227018449618,2
J002147.52+000031.0,0.1150164376172555,0.1003458192372392,0.7846377431455054,2
J001448.40+001607.9,0.2362321572897702,0.1867595188771677,0.5770083238330619,2
J003329.47-003227.5,0.1093623561963295,0.0686087111075167,0.8220289326961538,2
J002657.17-005725.6,0.2270298138836395,0.1151071766700658,0.6578630094462946,2
J005552.11-004817.9,0.2627575510069292,0.1016307467877498,0.6356117022053208,2
J015614.52+000547.1,0.2719185323614214,0.2797803464127752,0.4483011212258032,2
J022751.90-010908.3,0.3581172303241024,0.1614896061430639,0.4803931635328337,2
J022746.32-011003.0,0.2708158613215965,0.0400469832359841,0.6891371554424195,2
J022213.28+002510.9,0.0886107676152802,0.0649928641712712,0.8463963682134485,2
J022245.16+000920.2,0.2994362816774213,0.1041165430777979,0.5964471752447806,2
J023239.66-004206.1,0.314343741057507,0.2479118303298728,0.4377444286126201,2
J023013.78-010915.6,0.243385125955646,0.1267093910645033,0.6299054829798506,2
J023129.86+010149.4,0.1303101106212029,0.0956979430459354,0.7739919463328616,2
J025618.50+000606.0,0.0657214714258589,0.0587952669250157,0.8754832616491253,2
J030010.24+005654.3,0.1710047686508996,0.0815150397407624,0.747480191608338,2
J073420.09+284038.9,0.1632636549322526,0.2620791220089485,0.5746572230587987,2
J030023.31+005626.7,0.0858186415846755,0.0430389638454909,0.8711423945698336,2
J074348.37+255202.0,0.1797647460176502,0.1315232260570669,0.6887120279252827,2
J075243.18+262813.7,0.1726498766909767,0.2436954867380084,0.5836546365710148,2
J074958.68+263120.7,0.1800862334259132,0.0692892990842217,0.7506244674898652,2
J075128.02+274136.6,0.3770515457239531,0.2384695746820672,0.3844788795939796,2
J075223.90+270623.7,0.4558718995818283,0.0792341659028615,0.46489393451531,2
J075715.94+272833.0,0.3626574092819637,0.126096998082092,0.5112455926359444,2
J075755.37+280245.7,0.2467265738445582,0.2794292241527285,0.4738442020027132,2
J075608.15+283334.2,0.3236178608941367,0.2904449449816386,0.3859371941242246,2
J075942.80+284749.0,0.4218576776116026,0.1224767930593988,0.4556655293289984,2
J080140.49+283651.1,0.3267550061480252,0.3227671776346748,0.3504778162172999,2
J080427.74+290739.2,0.2723532899900383,0.1991849863270407,0.5284617236829209,2
J080047.31+291326.3,0.2272566103929392,0.3225222120047895,0.4502211776022713,2
J075913.08+285734.2,0.2587249591267766,0.1384942859156493,0.6027807549575739,2
J081128.79+312544.6,0.2379470887911075,0.2819206853958044,0.480132225813088,2
J081142.88+322404.8,0.162685393602392,0.0774353560524808,0.759879250345127,2
J073529.33+264916.4,0.1182538683685472,0.0699788925753812,0.8117672390560716,2
J073852.72+281545.0,0.2294066717621737,0.1886540007842111,0.581939327453615,2
J074351.26+282128.0,0.2964880263653919,0.1452777765965675,0.5582341970380406,2
J074357.76+282317.4,0.4516799564303233,0.0580506290527126,0.4902694145169641,2
J074405.43+284638.0,0.1902762057651929,0.3047534789241582,0.504970315310649,2
J074335.82+285450.4,0.0874531538608636,0.0737798303940303,0.8387670157451061,2
J074614.76+300209.0,0.3743892264822148,0.1552810567684153,0.4703297167493697,2
J074203.70+225401.0,0.094801982991756,0.3893506254307414,0.5158473915775025,2
J075418.10+260906.5,0.2137669319238995,0.0737036519446126,0.7125294161314878,2
J075924.04+270849.4,0.3284087134019527,0.324897928720784,0.3466933578772631,2
J080344.96+271804.4,0.1749882860585451,0.3423704865243376,0.4826412274171173,2
J080527.54+273455.2,0.3519651926191297,0.1390720494570336,0.5089627579238368,2
J081237.59+285109.4,0.2782383590725815,0.2255523512871468,0.4962092896402716,2
J080614.17+292937.6,0.2732186894262415,0.0797356748543108,0.6470456357194475,2
J082348.82+313128.3,0.1739630888432438,0.0594120135445974,0.7666248976121587,2
J092725.40+061512.8,0.0912681573227753,0.0578051870959521,0.8509266555812726,2
J094547.79+064350.2,0.0863505945121908,0.0502805188410772,0.8633688866467321,2
J095326.46+055358.5,0.1918226793672654,0.1540432100863363,0.6541341105463983,2
J095117.11+065408.4,0.3837425539046443,0.0627867039114701,0.5534707421838856,2
J100125.73+050237.8,0.3176780721208324,0.3296420201133281,0.3526799077658393,2
J095740.87+055431.9,0.1012719851509862,0.0734791162157383,0.8252488986332754,2
J100635.18+053333.9,0.1211659105150974,0.0685422354053224,0.8102918540795799,2
J074546.27+281114.5,0.2900840291634113,0.1837184703024883,0.5261975005341003,2
J075104.93+275112.6,0.2241481697466348,0.2990871774278471,0.4767646528255182,2
J074629.89+275614.6,0.2993188580907684,0.1913124770850539,0.5093686648241778,2
J074450.69+282338.1,0.1443052148481264,0.2135849377282174,0.642109847423656,2
J074540.42+281743.1,0.181222807618432,0.3292910122189,0.4894861801626681,2
J074646.72+281347.6,0.3147615493017596,0.123345703989284,0.5618927467089564,2
J074617.07+280030.3,0.2572286579357554,0.1233764541836847,0.6193948878805597,2
J075001.72+291024.6,0.2773009496117846,0.3342546522200615,0.3884443981681539,2
J024653.97-005727.6,0.319478307847271,0.3280981605841169,0.3524235315686118,2
J024428.99+000740.7,0.3223968901919241,0.2204818867835591,0.4571212230245168,2
J024632.78+000419.9,0.2355702969699281,0.2285500332622179,0.535879669767854,2
J024202.39-003440.5,0.1774089182104744,0.2474913799546866,0.575099701834839,2
J023908.33+002258.4,0.1885380422835121,0.0649791660391707,0.7464827916773171,2
J023459.90-011336.7,0.2118635182479774,0.2417960740704265,0.5463404076815962,2
J022947.09+003911.3,0.4275791163494673,0.1150582773551889,0.4573626062953436,2
J022237.69-002801.0,0.238873592034895,0.1449066178530219,0.616219790112083,2
J022000.15-001307.8,0.1635903959657404,0.1651498084072237,0.6712597956270357,2
J015429.21-004522.7,0.2127102790028297,0.1833252615785095,0.6039644594186607,2
J015401.71-000246.4,0.3416457193445461,0.2606606411830143,0.3976936394724395,2
J015035.10-003728.1,0.1902816412415021,0.1562633101000002,0.6534550486584976,2
J014632.35-003856.6,0.300140324300084,0.1408023060501975,0.5590573696497184,2
J015429.76+011131.0,0.2708534663102827,0.347934133716657,0.3812123999730603,2
J013751.75-002135.2,0.0989420013579013,0.0746189606118402,0.8264390380302583,2
J014057.24+000921.5,0.3873318891534359,0.1824822423445314,0.4301858685020325,2
J012232.65-001602.4,0.3430863965691313,0.2362569998116392,0.4206566036192296,2
J012405.73+005905.0,0.1981350022635479,0.2197586409596942,0.5821063567767578,2
J012609.45+011328.5,0.2659719977506896,0.1425419518096895,0.5914860504396209,2
J012707.06+011133.3,0.1781979098950246,0.3992871562578489,0.4225149338471263,2
J012222.21-002207.6,0.1804358606183551,0.0866434889344433,0.7329206504472014,2
J004851.50-002659.4,0.3350744851778903,0.1973408198852115,0.467584694936898,2
J004031.38+011006.7,0.2344390834683375,0.2433977424504711,0.5221631740811913,2
J003711.06-004912.6,0.1472479764980812,0.0635807208400283,0.7891713026618906,2
J001201.59+001839.9,0.232738656677888,0.105794324613517,0.6614670187085949,2
J001506.19+011001.3,0.3211246370882438,0.0669838752589609,0.6118914876527952,2
J000125.34+001309.6,0.207652892036764,0.1903803684398538,0.6019667395233821,2
J001236.62+001542.4,0.3330063961497201,0.2378070515204092,0.4291865523298706,2
J082227.02+033634.5,0.403648734078889,0.092039347786421,0.5043119181346899,2
J082514.08+032811.5,0.271198615907828,0.1870960749853484,0.5417053091068238,2
J082247.79+041424.6,0.2841473563161414,0.351002364910526,0.3648502787733325,2
J083251.19+041218.5,0.1738263454439528,0.2074228058817103,0.6187508486743367,2
J084034.65+045723.7,0.0879621841178247,0.0583169291673737,0.8537208867148016,2
J084514.44+041515.7,0.2105276438387815,0.0583146452265389,0.7311577109346795,2
J084521.46+044112.4,0.1213320095930463,0.0714508861191114,0.8072171042878423,2
J085520.27+054550.3,0.1071948641307497,0.0613093544932204,0.8314957813760298,2
J085455.94+060106.9,0.088586994617793,0.0454451656701548,0.8659678397120522,2
J085557.23+055417.9,0.1971197238820379,0.2407376736665769,0.5621426024513851,2
J084755.14+055302.1,0.1999016488229214,0.0654719570499096,0.734626394127169,2
J084814.33+054536.5,0.1371706980524514,0.1085166888829279,0.7543126130646206,2
J084904.83+040412.7,0.1722286756829482,0.1723029271016479,0.6554683972154038,2
J084826.76+035345.5,0.1253357588388844,0.1496367278594209,0.7250275133016945,2
J085550.98+060331.5,0.2206360006274796,0.1833244190671875,0.5960395803053329,2
J085557.99+055214.8,0.323000462857747,0.2574301809551441,0.4195693561871089,2
J090737.68+062038.7,0.2390789619872234,0.0911728010382873,0.6697482369744893,2
J090324.81+064402.6,0.2252258734883633,0.169316419784458,0.6054577067271786,2
J090537.07+044744.4,0.2274426741021508,0.0886394803513048,0.6839178455465443,2
J090141.47+045726.1,0.1984944410304956,0.1048428855322504,0.696662673437254,2
J090549.43+050947.9,0.1552684738313963,0.1291346709408059,0.7155968552277977,2
J090614.38+050451.8,0.1163266653706947,0.0735877373286512,0.810085597300654,2
J091323.22+054639.2,0.0483558784651183,0.0242449140064629,0.9273992075284186,2
J091701.80+071305.4,0.237136638479609,0.2861221659398541,0.4767411955805367,2
J091722.88+071350.2,0.3736520026479441,0.1377385015817563,0.4886094957702996,2
J092518.31+062333.6,0.2113622860269979,0.1452291338561741,0.643408580116828,2
J092741.15+072344.0,0.2473292237660958,0.2727902023507366,0.4798805738831677,2
J092827.09+081412.9,0.0800505835295847,0.0331144794955076,0.8868349369749075,2
J093435.44+081043.8,0.1056190674133319,0.098532236802286,0.7958486957843821,2
J074615.84+210500.4,0.3940842476067999,0.147525055733305,0.4583906966598949,2
J074226.95+205803.8,0.1432392344903242,0.0599340116226029,0.7968267538870729,2
J081005.99+254641.5,0.3321171331741027,0.0781381598434536,0.5897447069824434,2
J080407.07+244634.3,0.2476130062798032,0.1730648973688459,0.5793220963513509,2
J080337.77+255124.8,0.1719131355876978,0.2089095066623132,0.6191773577499889,2
J081712.61+270446.2,0.2550924748910766,0.0600239459909533,0.6848835791179702,2
J082211.05+290335.5,0.1918999231633676,0.2017293405806575,0.6063707362559747,2
J083239.48+304738.6,0.2383557152401017,0.1827330321708523,0.578911252589046,2
J095553.17+074441.8,0.1538971661470498,0.1120304002750879,0.7340724335778623,2
J094930.22+070919.1,0.372581427431809,0.138888227828242,0.488530344739949,2
J095135.22+082303.4,0.3846750731450417,0.1337155203390277,0.4816094065159304,2
J095620.57+085757.3,0.1481891138279477,0.1039637430247009,0.7478471431473515,2
J080335.58+231544.9,0.2715794859587108,0.163154926300048,0.5652655877412412,2
J080359.25+232633.2,0.2320667306383426,0.0817758871566693,0.6861573822049881,2
J080855.73+245255.6,0.3271776583601859,0.246910279545192,0.4259120620946219,2
J082209.41+255701.5,0.2429365754216366,0.2481629799890743,0.5089004445892888,2
J081332.85+254322.8,0.1835927867162509,0.0713367976776715,0.7450704156060775,2
J081848.55+262221.0,0.0964697002624024,0.0640111162295624,0.8395191835080351,2
J081937.74+263516.3,0.3918229348246978,0.0911173690324679,0.5170596961428342,2
J082651.31+275324.1,0.1330866317553367,0.1529277323447689,0.7139856358998942,2
J082618.04+275024.8,0.2974320487182825,0.1585103725703892,0.5440575787113283,2
J082625.32+275551.1,0.1522149284876261,0.0772081311676591,0.7705769403447147,2
J083441.92+281049.5,0.1924754832738329,0.2266067143630683,0.5809178023630988,2
J084416.73+295157.8,0.4266357257098116,0.1107611856856563,0.4626030886045321,2
J090107.83+314553.6,0.4197514593740674,0.1109739904618716,0.4692745501640611,2
J090131.21+321721.6,0.1296312103878802,0.0715270178461661,0.7988417717659537,2
J090105.67+321032.0,0.2834781162108543,0.0738691046871232,0.6426527791020225,2
J085858.91+322147.4,0.2324168947016416,0.1504487861503361,0.6171343191480223,2
J081501.41+053618.3,0.2226998486935591,0.2901638802269941,0.4871362710794469,2
J080939.91+055314.0,0.2643717362385014,0.2953881033610821,0.4402401604004166,2
J080757.48+061953.7,0.3913310293121214,0.1504480322308814,0.4582209384569972,2
J081125.67+062321.8,0.1395528727164667,0.1070587340461436,0.7533883932373898,2
J081649.96+060820.4,0.1323007709196548,0.1050752134955989,0.7626240155847464,2
J081919.14+055710.5,0.1270961310266261,0.0732257021264429,0.7996781668469309,2
J082758.36+065855.2,0.1473234396529813,0.136690463884359,0.7159860964626594,2
J084049.31+074636.5,0.4435830664488416,0.1093756005321076,0.4470413330190507,2
J084608.27+074953.4,0.1558135558533565,0.2916915873306507,0.5524948568159929,2
J085612.97+063329.6,0.1264309812957423,0.0775648943711665,0.7960041243330913,2
J085203.64+081202.3,0.4250838480338613,0.1240619033844001,0.4508542485817386,2
J085936.83+082447.5,0.1713581642717374,0.2926379209095522,0.5360039148187105,2
J090311.10+081928.6,0.3490747184202237,0.2509718784795056,0.3999534031002706,2
J090107.41+085459.2,0.3401435079871686,0.13906647796936,0.5207900140434712,2
J090141.74+085009.2,0.213881524065792,0.1113708289306015,0.6747476470036063,2
J091311.43+081224.3,0.2711552356088605,0.1529621572071861,0.5758826071839533,2
J091308.05+081108.6,0.1613593351912482,0.092125425006974,0.7465152398017778,2
J091449.05+085321.1,0.3809526086663344,0.1416287627530824,0.4774186285805831,2
J092348.12+083929.9,0.1826220909904928,0.1065295685612341,0.710848340448273,2
J091720.42+082329.3,0.2109332433390549,0.2384977617621469,0.5505689948987981,2
J092436.81+092417.9,0.2318663443745449,0.195588904237826,0.572544751387629,2
J093440.83+080713.0,0.2908192199357541,0.063499097665259,0.6456816823989869,2
J093106.47+084256.1,0.2168683510905019,0.1929161216828445,0.5902155272266536,2
J093218.16+094155.1,0.1648412835583324,0.1729298063644014,0.6622289100772663,2
J093358.58+100928.3,0.3534459050593464,0.1677163127902477,0.478837782150406,2
J093307.20+101041.7,0.2246766944828057,0.1970001933833758,0.5783231121338185,2
J093216.93+094100.9,0.3019315683620635,0.2171323695237341,0.4809360621142025,2
J094338.81+085311.8,0.3372999887277818,0.0898110464879554,0.572888964784263,2
J095506.94+093506.0,0.3052656970110225,0.3264919688225118,0.3682423341664658,2
J095537.88+105040.6,0.4081401388809281,0.0772920673711031,0.5145677937479689,2
J100535.02+105200.8,0.2244845978433431,0.1145318204333955,0.6609835817232613,2
J000008.98+011423.7,0.1412551568939693,0.0817528450898894,0.7769919980161416,2
J002028.63+001950.0,0.328035129559389,0.0909461291616362,0.5810187412789748,2
J003333.72-001822.5,0.2533812553301896,0.2210878008368927,0.5255309438329175,2
J003656.21-011344.8,0.2365070977943207,0.1854020117671188,0.5780908904385603,2
J003456.71-003453.3,0.3411157181085347,0.1140032074956845,0.5448810743957807,2
J003322.39-003901.6,0.175932227426376,0.0887424287147238,0.7353253438589,2
J003231.79+003355.6,0.2251397151863989,0.0662685482864455,0.7085917365271555,2
J003841.07+003647.7,0.1892883511586443,0.1076337755079911,0.7030778733333647,2
J004035.88-001617.1,0.2566094610928563,0.3703627184965599,0.3730278204105838,2
J010414.07-005402.0,0.2423862277814388,0.2485574318440377,0.5090563403745234,2
J011203.55-004328.0,0.273681629991995,0.2771564713798162,0.4491618986281886,2
J011056.16-010209.9,0.2274953596281675,0.0875172181476825,0.6849874222241499,2
J011259.58+010226.0,0.1594175129222801,0.2855631394635488,0.5550193476141709,2
J011530.46+001322.0,0.4332190360446548,0.1184526635451274,0.4483283004102179,2
J011516.68+011523.3,0.2932942700087932,0.2020367168645873,0.5046690131266193,2
J012105.06-001304.8,0.1318846153175923,0.0592874051886604,0.8088279794937472,2
J012003.07-001959.1,0.2361605080586126,0.3186320670707177,0.4452074248706696,2
J011559.32+005620.3,0.3339518846147867,0.1009476110606191,0.5651005043245941,2
J013509.24-000223.9,0.1487997904365687,0.0941456268619138,0.7570545827015173,2
J015007.21-000348.0,0.2590478178697039,0.1383549026484515,0.6025972794818447,2
J015621.13+010628.5,0.3438054691821374,0.1770146983713165,0.479179832446546,2
J021048.29-005658.7,0.3466285616005424,0.1771431356898339,0.4762283027096236,2
J020853.46-002305.1,0.2530780718022782,0.2011504569866511,0.5457714712110707,2
J022125.07+002853.5,0.3066886349791015,0.2600817993419509,0.4332295656789473,2
J023132.92-010302.2,0.1774227606422913,0.0930301489493044,0.7295470904084042,2
J022601.65-000752.4,0.1100035715695547,0.0610046290331192,0.8289917993973261,2
J023231.84+000329.5,0.2185032270081183,0.3555728241575797,0.425923948834302,2
J024334.29+001051.1,0.3592922128793431,0.1738989111272326,0.4668088759934242,2
J024450.96+003135.9,0.1484067728633051,0.1230852091243115,0.7285080180123831,2
J024939.33+005254.6,0.1749121192523493,0.0838833779308732,0.7412045028167775,2
J025511.02-001458.9,0.3109169589667052,0.0865715978853962,0.6025114431478985,2
J025709.46+002421.4,0.0825682426905874,0.0464216254102623,0.8710101318991502,2
J001205.85+002059.1,0.2702946000894972,0.0680840278369276,0.6616213720735751,2
J001427.44+011516.8,0.2272251514287252,0.2141302286442054,0.5586446199270692,2
J001328.63+004904.1,0.2129489632225663,0.0903238078570516,0.6967272289203821,2
J001520.67+010436.6,0.1969092517900351,0.3900090984330876,0.4130816497768774,2
J002120.31-002652.2,0.2368861249099884,0.3490997366482176,0.414014138441794,2
J001506.87+001730.8,0.1860030467016582,0.0988922882216196,0.7151046650767221,2
J001727.21+001212.6,0.3261774644796971,0.0953750380213313,0.5784474974989714,2
J002328.93-003433.8,0.29078609203431,0.181192748651248,0.5280211593144419,2
J012626.49+000057.7,0.2663086621244256,0.1049806188551427,0.6287107190204315,2
J012124.93-001124.4,0.3075357900548799,0.1134847534700997,0.5789794564750202,2
J012234.41+005158.7,0.2576545898146236,0.1126203216838215,0.6297250885015548,2
J020140.87-005728.9,0.3526056574156226,0.1490345828665563,0.498359759717821,2
J015802.96-001756.2,0.0499474405051435,0.0319000427869662,0.91815251670789,2
J020744.12-004311.5,0.2802841709761624,0.1216474084440574,0.5980684205797802,2
J020642.66-000905.5,0.2755563347307978,0.2406341015364673,0.4838095637327349,2
J020143.34-000536.3,0.2097121315204538,0.2361094178506738,0.5541784506288723,2
J021644.75+010410.5,0.166056083781949,0.0654995373177096,0.7684443789003415,2
J022603.75-000821.2,0.046475895963134,0.0251916132151588,0.9283324908217072,2
J022244.60-004634.3,0.177112142128624,0.0698850424084357,0.7530028154629401,2
J022258.56+004729.2,0.2902744799553874,0.3358052237097441,0.3739202963348685,2
J023435.41-004148.7,0.2219945114372476,0.1036951472883975,0.674310341274355,2
J023406.12-000028.9,0.2349371414708763,0.2493818623595537,0.5156809961695697,2
J023026.56-005025.1,0.2387316693491285,0.1335100437867275,0.6277582868641443,2
J023117.97-003645.5,0.4286708513730257,0.0961928498716018,0.4751362987553724,2
J025309.06-004341.2,0.3174842263968353,0.258860799943067,0.4236549736600977,2
J024233.13-000220.1,0.1964584172209538,0.3914990093058156,0.4120425734732306,2
J025453.08-001137.5,0.284546748714736,0.1543264713433699,0.5611267799418939,2
J030020.83+001121.3,0.3007370032562532,0.100533092172829,0.5987299045709179,2
J031409.51-004556.6,0.2611783845918712,0.0777229396224217,0.6610986757857071,2
J031229.59+000242.1,0.2672592305554139,0.1110026382993739,0.6217381311452121,2
J074819.95+182508.3,0.2233286201812802,0.2760428753483239,0.500628504470396,2
J074836.80+182154.2,0.1946030062913288,0.1039839390088115,0.7014130546998595,2
J074618.17+182048.5,0.3362790618355278,0.2621313773835974,0.4015895607808747,2
J075055.94+200206.1,0.1221958317824788,0.0648863062118245,0.8129178620056967,2
J075524.93+195612.7,0.1087417386180059,0.0567841895419984,0.8344740718399956,2
J075519.87+195431.6,0.1395147457040964,0.0535686385680508,0.8069166157278527,2
J075714.79+202601.5,0.3530679859696125,0.1383720815783984,0.508559932451989,2
J080628.97+223754.3,0.1217181814898545,0.0832309200482055,0.79505089846194,2
J080609.17+223847.0,0.0625243707671818,0.0599743484795907,0.8775012807532275,2
J081125.64+230625.3,0.3922507506426607,0.0697559209679219,0.5379933283894174,2
J081143.07+232503.2,0.3382799579605248,0.303338715663135,0.3583813263763401,2
J081337.45+233330.1,0.1825548296395024,0.1206903475814962,0.6967548227790012,2
J082744.71+262824.2,0.3547989729301289,0.0736245540278514,0.5715764730420196,2
J082830.09+261208.2,0.3217726358412069,0.1533290093276744,0.5248983548311186,2
J082932.31+262749.7,0.3947442839626685,0.0791212467192883,0.5261344693180431,2
J084604.89+274029.1,0.2715541810012238,0.353421072339927,0.3750247466588491,2
J084638.35+280846.8,0.3553194048700533,0.1145786087582878,0.5301019863716587,2
J084609.16+275818.5,0.3489769296852823,0.297316996935705,0.3537060733790125,2
J084535.36+291847.5,0.3758526808538165,0.0859466523470545,0.5382006667991288,2
J084542.48+291633.9,0.1589515555164157,0.1004922624149301,0.7405561820686541,2
J084932.52+292619.2,0.252918529938414,0.2969444298997861,0.4501370401617998,2
J085426.22+290318.9,0.4155349884221265,0.1285685569725612,0.4558964546053121,2
J085215.24+284801.3,0.2982147668814636,0.3227574220808189,0.3790278110377174,2
J084534.47+291854.4,0.3181594860825372,0.0925861906670181,0.5892543232504445,2
J084623.04+284830.0,0.0804428866640051,0.0674384197918618,0.852118693544133,2
J085030.87+293527.1,0.2822052051407576,0.0827611233640524,0.6350336714951899,2
J085747.91+301504.8,0.1015252551026826,0.063999008658607,0.8344757362387104,2
J090813.27+322959.5,0.0890278150254655,0.0567895766938004,0.8541826082807341,2
J092538.00+324557.7,0.1664342570010804,0.1485404349233381,0.6850253080755817,2
J092153.34+324925.4,0.1331379743591742,0.1089104205410788,0.7579516050997468,2
J092549.81+325213.8,0.1762086571417536,0.102740597017284,0.7210507458409623,2
J041159.63-063534.4,0.127373003513516,0.07300131830081,0.799625678185674,2
J090049.37+090305.4,0.2987500206050255,0.0849673657717317,0.6162826136232428,2
J085722.65+092748.8,0.4389879446256219,0.088372954573592,0.472639100800786,2
J092808.00+101054.4,0.2298349813638704,0.066087338207887,0.7040776804282425,2
J092409.84+103013.3,0.1348527942343797,0.078372382284832,0.7867748234807883,2
J093855.79+104613.3,0.1674188855166219,0.1357474513351607,0.6968336631482172,2
J093622.40+105333.5,0.1028904845240915,0.0646355039648523,0.8324740115110562,2
J093631.12+104910.9,0.1029272022578937,0.0560678561343247,0.8410049416077813,2
J093206.45+110350.5,0.1168968201529961,0.0648756646406724,0.8182275152063313,2
J093056.53+115050.6,0.0979045082919214,0.0525233239027075,0.8495721678053709,2
J094645.26+114709.5,0.2115795230593275,0.1471885303354272,0.6412319466052452,2
J095537.54+111750.3,0.43229079663371,0.0918452029280101,0.4758640004382798,2
J095538.46+130320.1,0.3294571282720473,0.2403675550473485,0.4301753166806042,2
J100750.77+133540.1,0.2379471190770864,0.1244264188374717,0.6376264620854418,2
J081010.69+073337.1,0.4113333350601182,0.0956475377175454,0.4930191272223363,2
J081523.34+075127.2,0.4033591865141928,0.1314189781811237,0.4652218353046835,2
J082611.79+074008.6,0.2304319873805899,0.131047753702866,0.6385202589165441,2
J082858.97+084831.6,0.2109156041991813,0.3291019559427763,0.4599824398580423,2
J084423.32+082312.0,0.2201153685041754,0.2184950145864593,0.5613896169093653,2
J084231.95+081542.7,0.2847845753695445,0.1631589848615152,0.5520564397689403,2
J085433.57+085243.1,0.1274421680127617,0.0612901678519925,0.8112676641352458,2
J085357.03+085401.1,0.1773125865231874,0.1306733103032812,0.6920141031735312,2
J084638.42+085410.2,0.2164060642688285,0.1172188577739114,0.6663750779572599,2
